Frame_ID,Capture_ms,Encode_Send_ms,Network_ms,Decode_ms,YOLO_ms,Lane_ms,Decision_ms,Send_ms,GPIO_ms,Total_ms
410,2.488,5.269,9.259,1.317,217.79,2.783,0.017,0.141,0.016,239.16
411,4.224,5.499,11.132,1.296,229.495,3.069,0.019,0.151,0.017,254.995
412,2.551,5.314,9.337,1.253,219.319,2.766,0.016,0.138,0.017,240.792
413,2.531,5.32,10.087,1.297,219.468,2.869,0.016,0.147,0.016,241.831
414,2.553,5.302,9.596,1.33,222.198,3.0,0.016,0.144,0.016,244.234
415,2.509,5.312,9.69,1.298,233.034,3.203,0.024,0.185,0.017,255.354
416,2.514,5.319,9.241,1.356,229.157,2.829,0.016,0.186,0.017,250.713
417,2.52,5.297,9.425,1.302,232.113,3.008,0.04,0.178,0.016,253.98
418,2.542,5.284,10.251,1.632,248.272,3.022,0.015,0.148,0.017,271.261
419,4.807,5.601,10.489,1.312,253.581,4.241,0.04,0.205,0.018,280.38
420,4.883,5.525,12.487,1.783,259.911,3.755,0.026,0.164,0.017,288.635
421,4.848,5.591,10.11,1.896,252.195,3.107,0.019,0.128,0.018,278.002
422,4.809,5.485,10.014,1.39,252.677,2.918,0.018,0.146,0.017,277.563
423,4.94,5.491,9.717,1.428,242.315,4.127,0.019,0.147,0.018,268.29
424,2.533,5.297,11.686,1.681,248.27,3.376,0.024,0.143,0.016,273.103
425,4.361,5.614,12.162,1.836,259.946,3.347,0.026,0.196,0.035,287.648
426,3.519,11.767,10.502,1.591,256.784,4.257,0.029,0.208,0.017,288.787
427,2.515,5.303,12.668,2.041,255.868,5.195,0.033,0.247,0.017,283.966
428,2.526,5.06,14.788,1.795,309.7,3.243,0.027,0.167,0.037,337.422
429,2.492,5.08,13.114,1.623,280.649,6.04,0.037,0.257,0.017,309.39
430,4.687,5.135,13.273,1.634,275.171,4.16,0.028,0.328,0.016,304.565
431,2.5,5.011,14.914,1.729,295.23,3.615,0.019,0.222,0.016,323.336
432,2.477,5.028,11.483,1.284,249.077,2.932,0.029,0.182,0.017,272.589
433,2.478,5.033,9.775,1.815,251.271,2.562,0.019,0.168,0.017,273.22
434,2.507,5.022,9.646,1.521,250.628,2.566,0.019,0.157,0.016,272.164
435,2.538,5.174,8.971,1.393,234.159,3.892,0.021,0.137,0.017,256.385
436,2.503,4.877,9.106,1.101,245.401,12.99,0.035,0.191,0.017,276.299
437,2.529,5.023,10.748,1.305,241.406,16.192,0.041,0.556,0.018,277.91
438,5.279,5.098,10.33,1.689,250.126,9.315,0.016,0.221,0.017,282.191
439,4.809,5.256,9.211,1.233,246.541,6.777,0.031,0.177,0.018,274.153
440,2.492,5.117,8.935,1.249,247.951,6.147,0.016,0.172,0.017,272.188
441,2.557,5.103,10.577,1.495,253.132,5.311,0.018,0.157,0.016,278.445
442,2.537,5.038,11.042,1.38,262.302,6.568,0.03,0.202,0.017,289.198
443,5.59,12.639,12.95,1.756,365.045,12.851,0.033,0.506,0.017,411.489
444,2.539,5.088,16.802,1.567,617.976,15.32,0.025,0.22,0.016,659.632
445,2.525,5.024,27.044,1.946,296.906,6.105,0.04,0.252,0.016,339.939
446,2.53,5.172,10.702,1.597,272.061,10.324,0.018,0.177,0.017,302.679
447,2.529,5.008,11.745,1.88,269.936,15.721,0.032,0.256,0.016,307.218
448,2.528,5.149,11.668,1.764,255.126,5.404,0.015,0.15,0.017,281.911
449,2.502,5.054,9.085,1.385,236.384,6.033,0.024,0.161,0.017,260.737
450,2.539,5.045,10.187,1.198,240.315,7.496,0.023,0.175,0.016,267.077
451,2.52,5.062,9.491,1.304,246.906,5.642,0.016,0.148,0.016,271.189
452,2.554,4.997,9.733,1.546,243.238,6.996,0.016,0.154,0.017,269.334
453,2.494,5.201,8.867,1.28,237.522,6.279,0.018,0.143,0.016,261.909
454,2.49,4.967,10.362,1.213,238.056,5.159,0.015,0.223,0.017,262.581
455,2.551,5.036,8.718,1.271,248.551,5.767,0.017,0.142,0.016,272.149
456,2.511,5.011,9.188,1.172,236.978,6.808,0.016,0.14,0.017,261.924
457,3.691,5.106,10.189,1.375,248.866,5.598,0.025,0.145,0.017,275.099
458,2.529,4.984,9.58,1.444,242.901,5.514,0.017,0.129,0.032,267.238
459,3.157,11.3,10.944,1.579,255.263,7.291,0.02,0.152,0.017,289.833
460,2.531,5.087,14.237,1.885,244.647,6.119,0.025,0.2,0.017,274.828
461,2.528,4.989,9.786,1.398,271.701,7.707,0.027,0.399,0.017,298.635
462,2.52,5.001,11.346,1.3,271.778,7.166,0.025,0.239,0.017,299.47
463,2.521,5.002,9.859,1.518,263.408,5.934,0.017,0.21,0.017,288.563
464,2.51,5.042,9.374,1.25,270.323,7.15,0.032,0.178,0.016,295.961
465,2.514,5.109,12.754,2.033,252.089,6.314,0.023,0.208,0.016,281.14
466,2.526,5.094,12.351,1.355,252.82,7.423,0.024,0.169,0.016,281.857
467,3.682,5.582,9.232,1.255,258.992,6.142,0.03,0.184,0.017,285.234
468,2.499,4.942,9.535,1.497,251.172,13.864,0.015,0.166,0.017,283.788
469,2.504,4.995,11.108,1.548,261.747,20.386,0.026,0.307,0.016,302.727
470,2.726,5.086,9.185,1.404,246.36,17.762,0.027,0.179,0.017,282.851
471,4.792,5.136,10.023,1.653,253.318,11.202,0.034,0.216,0.017,286.527
472,4.805,5.152,13.231,1.305,246.437,3.925,0.018,0.156,0.017,275.157
473,2.499,4.921,10.752,1.342,246.667,2.871,0.017,0.142,0.017,269.319
474,2.566,5.024,11.327,1.342,264.09,4.075,0.04,0.162,0.016,288.725
475,5.316,5.743,11.27,1.541,245.794,4.041,0.016,0.143,0.031,274.018
476,3.323,13.165,10.417,1.559,243.339,8.755,0.015,0.143,0.036,280.887
477,4.374,14.749,11.29,1.593,248.797,4.485,0.029,0.204,0.017,285.656
478,2.507,5.051,10.394,1.552,241.555,3.703,0.019,0.139,0.017,265.04
479,2.491,5.099,9.906,1.209,231.782,3.28,0.022,0.245,0.017,254.129
480,2.52,5.033,8.438,1.312,241.188,2.548,0.015,0.144,0.016,261.296
481,2.543,5.035,9.774,1.375,237.153,2.863,0.016,0.149,0.017,259.007
482,2.547,5.076,10.453,1.285,237.979,2.837,0.019,0.16,0.017,260.454
483,2.49,5.092,10.156,1.631,237.535,2.787,0.016,0.137,0.017,259.94
484,4.297,5.357,9.294,1.209,234.261,4.248,0.033,0.207,0.017,259.006
485,2.491,5.114,9.146,1.289,238.728,3.884,0.029,0.139,0.017,260.92
486,2.538,5.215,13.147,1.498,235.126,3.435,0.021,0.18,0.017,261.257
487,2.557,5.111,8.892,1.223,228.679,3.376,0.016,0.14,0.016,250.087
488,2.541,5.229,9.577,1.712,234.148,3.104,0.017,0.164,0.017,256.587
489,2.534,5.154,8.872,1.248,229.155,3.435,0.017,0.146,0.016,250.659
490,2.509,5.297,10.511,1.78,232.771,4.269,0.023,0.185,0.017,257.446
491,2.549,5.178,9.152,1.49,239.287,2.658,0.016,0.143,0.016,260.569
492,2.501,5.129,11.036,1.22,245.227,5.27,0.02,0.161,0.016,270.661
493,2.512,5.154,10.796,1.438,238.201,3.472,0.016,0.149,0.017,261.836
494,2.513,5.163,8.721,1.251,233.731,3.816,0.015,0.175,0.016,255.48
495,3.611,5.437,9.687,1.215,249.814,5.015,0.073,0.231,0.039,275.248
496,3.594,15.154,10.955,1.489,241.672,11.824,0.021,0.214,0.017,285.048
497,2.568,5.19,8.707,1.35,232.179,8.08,0.017,0.162,0.017,258.36
498,2.519,5.182,10.789,1.237,238.371,5.458,0.024,0.218,0.017,263.915
499,2.546,5.181,10.131,1.465,255.439,4.278,0.016,0.132,0.017,279.299
500,2.535,5.166,10.509,1.237,261.237,6.86,0.04,0.223,0.017,287.903
501,2.523,5.126,10.18,1.416,246.286,12.831,0.017,0.164,0.016,278.642
502,3.597,5.396,10.238,1.463,251.529,9.978,0.016,0.267,0.017,282.596
503,2.529,5.159,9.759,1.872,250.854,4.257,0.016,0.156,0.017,274.708
504,2.587,5.178,8.599,1.234,237.326,5.041,0.016,0.129,0.017,260.221
505,2.516,5.108,10.427,1.382,244.139,5.163,0.016,0.159,0.016,269.009
506,2.493,5.168,8.45,1.342,230.728,3.493,0.018,0.162,0.016,251.953
507,2.546,5.217,9.878,1.322,234.484,3.41,0.017,0.25,0.017,257.219
508,2.508,5.096,9.43,1.206,231.71,8.621,0.02,0.197,0.017,258.885
509,2.779,5.177,10.236,1.285,234.63,3.863,0.018,0.178,0.017,258.272
510,2.544,5.114,9.94,1.55,234.858,3.311,0.03,0.322,0.018,257.782
511,2.539,5.118,9.571,1.229,231.225,3.636,0.023,0.326,0.016,253.761
512,2.481,5.16,8.629,1.211,229.446,2.72,0.015,0.14,0.016,249.899
513,3.664,5.318,8.852,1.193,228.558,2.595,0.015,0.144,0.017,250.441
514,2.509,5.096,9.357,1.329,238.437,3.063,0.026,0.342,0.034,260.312
515,3.607,15.151,11.531,2.703,240.459,3.255,0.019,0.166,0.017,277.015
516,2.509,5.143,10.396,1.722,231.897,3.501,0.017,0.186,0.016,255.468
517,2.561,5.133,10.127,1.221,227.634,3.151,0.031,0.188,0.017,250.146
518,2.533,5.157,8.64,1.254,239.158,2.632,0.016,0.14,0.016,259.625
519,2.524,5.146,9.55,1.375,235.855,2.839,0.017,0.139,0.017,257.54
520,2.869,5.197,8.763,1.27,229.445,2.991,0.016,0.145,0.017,250.793
521,2.526,5.115,9.621,1.295,236.08,3.704,0.02,0.206,0.017,258.662
522,2.523,5.109,9.544,1.191,238.978,3.872,0.017,0.143,0.018,261.502
523,2.485,5.127,10.026,1.262,229.693,4.141,0.02,0.134,0.016,252.983
524,3.938,5.253,10.061,1.357,234.986,3.999,0.017,0.138,0.017,259.856
525,2.493,5.009,9.231,1.177,230.402,12.414,0.028,0.166,0.017,261.02
526,2.484,4.995,10.804,1.239,232.46,14.219,0.026,0.16,0.017,266.507
527,2.495,5.068,10.072,1.177,229.912,11.757,0.025,0.16,0.016,260.776
528,2.528,5.008,8.847,1.177,231.491,9.562,0.028,0.161,0.017,258.918
529,2.541,5.05,10.17,1.224,229.108,4.918,0.016,0.15,0.016,253.294
530,2.524,4.995,10.904,1.348,228.604,4.928,0.022,0.165,0.017,253.606
531,5.294,5.268,10.264,1.416,231.123,8.307,0.016,0.245,0.016,262.035
532,2.502,5.035,14.904,1.673,267.706,9.076,0.021,0.209,0.017,301.237
533,2.495,4.907,9.572,1.938,230.616,3.608,0.015,0.184,0.035,253.507
534,3.554,14.0,10.185,2.259,238.702,8.381,0.014,0.149,0.035,277.436
535,3.565,14.191,11.24,1.5,229.965,12.304,0.021,0.149,0.035,273.133
536,3.566,14.37,10.093,1.144,234.195,4.188,0.015,0.15,0.016,267.853
537,2.512,4.965,9.397,1.496,229.012,3.206,0.014,0.139,0.016,250.856
538,2.889,5.063,10.099,1.135,239.319,3.66,0.017,0.222,0.017,262.506
539,2.517,4.889,8.905,1.291,233.55,3.126,0.015,0.158,0.016,254.549
540,2.546,4.842,8.926,1.16,229.816,3.342,0.014,0.141,0.016,250.885
541,2.489,4.914,8.645,1.137,227.755,2.977,0.014,0.14,0.016,248.171
542,4.319,5.1,9.097,1.579,235.113,4.284,0.016,0.149,0.017,259.758
543,2.505,4.939,9.122,1.151,233.074,3.061,0.015,0.139,0.017,254.104
544,4.812,5.099,9.207,1.355,229.328,2.83,0.016,0.142,0.017,252.892
545,4.715,5.131,8.851,1.192,227.63,2.72,0.016,0.142,0.016,250.495
546,2.523,5.019,8.786,1.182,231.79,2.758,0.016,0.144,0.016,252.316
547,2.537,5.046,9.545,1.234,243.399,2.895,0.016,0.112,0.017,264.883
548,2.49,5.114,9.523,1.238,229.185,2.758,0.016,0.143,0.017,250.567
549,2.484,5.065,9.419,1.181,229.488,4.343,0.024,0.138,0.017,252.238
550,2.518,5.019,9.327,1.185,230.571,7.554,0.015,0.153,0.017,256.439
551,2.507,5.133,9.252,1.212,237.262,4.155,0.025,0.148,0.017,259.796
552,2.499,5.046,9.672,1.311,234.878,10.168,0.021,0.16,0.016,263.863
553,3.837,5.312,10.286,1.297,241.827,4.421,0.016,0.15,0.017,267.262
554,2.481,5.083,9.148,1.205,228.695,8.158,0.016,0.16,0.031,255.102
555,3.265,12.559,11.859,1.74,240.203,15.868,1.662,0.236,0.207,287.706
556,2.518,5.113,9.12,1.213,228.537,8.832,0.044,0.162,0.198,255.84
557,2.535,5.152,10.908,1.408,230.466,10.825,0.031,0.163,0.131,261.717
558,2.515,5.226,9.069,1.23,228.155,3.45,0.032,0.165,0.133,250.075
559,2.533,5.096,8.792,1.351,237.262,4.092,0.019,0.147,0.018,259.416
560,2.833,5.311,9.396,1.232,230.267,8.282,0.014,0.155,0.018,257.593
561,2.493,5.083,8.737,1.582,231.086,6.994,0.012,0.147,0.017,256.246
562,2.504,5.043,9.762,1.185,315.761,7.534,0.016,0.166,0.017,342.089
563,2.531,5.093,8.81,1.206,238.402,6.964,0.015,0.149,0.016,263.279
564,2.514,5.114,9.85,1.564,230.944,8.981,0.014,0.286,0.017,259.38
565,2.514,5.064,9.317,1.245,229.095,3.253,0.032,0.152,0.018,250.783
566,2.54,5.077,8.943,1.203,230.883,3.057,0.016,0.137,0.018,251.976
567,2.488,5.055,10.393,1.453,235.796,3.43,0.023,0.177,0.017,258.918
568,2.525,5.083,8.889,1.332,229.267,3.378,0.017,0.148,0.018,250.744
569,2.56,5.132,8.72,1.366,240.006,3.286,0.017,0.139,0.017,261.327
570,2.506,5.137,10.02,1.25,228.81,4.102,0.021,0.148,0.017,252.091
571,3.839,5.54,10.214,1.24,231.827,3.475,0.021,0.15,0.017,256.412
572,2.507,5.116,10.464,1.341,239.172,7.977,0.016,0.161,0.017,266.852
573,2.517,5.132,9.979,1.231,230.122,3.831,0.018,0.154,0.037,253.165
574,3.555,14.958,9.439,1.359,228.169,3.394,0.016,0.146,0.024,261.193
575,3.568,15.077,11.257,1.254,232.387,4.1,0.027,0.212,0.018,268.038
576,2.506,5.127,10.408,1.503,242.782,3.977,0.017,0.141,0.017,266.562
577,2.518,5.175,10.059,1.318,234.47,8.638,0.017,0.322,0.028,262.659
578,2.88,5.419,10.46,1.391,229.384,8.307,0.015,0.16,0.017,258.155
579,2.504,5.216,9.275,1.477,227.256,7.201,0.013,0.148,0.017,253.203
580,2.521,5.106,9.6,1.399,236.851,11.165,0.027,0.174,0.018,266.954
581,2.504,5.164,9.878,1.305,233.557,7.549,0.024,0.154,0.017,260.252
582,3.744,5.25,9.659,1.267,233.074,4.828,0.027,0.165,0.017,258.141
583,2.508,5.15,8.854,1.256,228.935,4.919,0.035,0.158,0.017,251.933
584,2.503,5.158,11.184,1.245,243.02,16.406,0.035,0.216,0.018,279.868
585,2.505,5.136,9.206,1.242,229.432,7.674,0.036,0.188,0.018,255.54
586,2.509,5.16,9.957,1.222,242.237,12.555,0.025,0.16,0.016,273.939
587,2.504,5.16,9.484,1.638,227.907,7.709,0.026,0.164,0.017,254.715
588,2.529,5.145,10.465,1.287,234.037,16.375,0.025,0.241,0.017,270.221
589,3.8,5.383,9.991,1.58,239.827,8.8,0.025,0.186,0.018,269.721
590,2.542,5.151,8.614,1.241,228.319,13.285,0.024,0.253,0.017,259.547
591,2.501,5.152,9.288,1.406,236.202,14.301,0.024,0.217,0.018,269.212
592,2.525,5.328,9.929,1.35,241.98,17.914,0.036,0.253,0.017,279.432
593,2.491,5.131,11.12,1.27,228.573,13.455,0.034,0.169,0.029,262.438
594,3.253,12.909,10.608,2.121,226.776,13.747,0.024,0.165,0.018,269.74
595,2.486,5.112,8.879,1.32,230.939,11.697,0.026,0.177,0.017,260.754
596,3.868,5.577,9.578,1.43,237.221,17.651,0.051,0.245,0.018,275.758
597,3.394,5.586,9.416,1.411,228.653,8.197,0.029,0.162,0.017,256.979
598,2.54,5.145,9.665,1.203,236.944,3.234,0.015,0.152,0.018,259.021
599,2.507,5.175,8.68,1.256,227.967,7.882,0.014,0.146,0.017,253.735
600,2.483,5.174,10.269,1.357,233.669,12.953,0.021,0.206,0.017,266.244
601,2.53,5.13,10.21,1.769,235.444,15.456,0.024,0.163,0.017,270.836
602,2.501,5.164,9.158,1.256,230.121,7.971,0.025,0.161,0.018,256.476
603,2.509,5.202,9.017,1.305,231.092,8.802,0.026,0.164,0.018,258.235
604,2.506,5.243,10.595,1.336,231.139,3.993,0.017,0.153,0.017,255.104
605,2.506,5.171,9.632,1.929,239.939,3.818,0.016,0.135,0.018,263.263
606,4.949,5.331,9.38,1.234,233.281,4.393,0.018,0.185,0.017,258.874
607,4.217,5.426,9.752,1.367,240.234,3.128,0.015,0.135,0.018,264.378
608,2.531,5.15,8.613,1.284,233.432,3.355,0.017,0.132,0.017,254.615
609,2.546,5.218,9.767,1.415,237.272,5.243,0.045,0.154,0.017,261.759
610,2.502,5.149,10.784,1.277,235.638,4.186,0.021,0.192,0.017,259.883
611,2.528,5.204,8.609,1.339,239.08,5.051,0.026,0.184,0.017,262.122
612,2.496,5.131,9.101,1.226,241.737,3.272,0.017,0.154,0.036,263.29
613,3.594,15.112,9.936,1.563,237.901,2.923,0.015,0.14,0.024,271.329
614,4.04,12.866,8.74,1.388,229.273,2.854,0.015,0.148,0.018,259.447
615,2.504,5.141,10.146,1.269,228.99,3.594,0.022,0.137,0.017,251.905
616,2.489,5.192,9.619,1.216,229.958,3.744,0.017,0.146,0.017,252.482
617,2.514,5.112,9.273,1.201,241.56,8.662,0.016,0.447,0.016,268.886
618,3.646,5.355,10.393,1.22,233.213,9.474,0.097,0.185,0.112,263.792
619,2.501,5.145,9.178,1.601,230.833,7.695,0.018,0.157,0.017,257.249
620,2.503,5.033,8.61,1.234,230.14,2.826,0.016,0.173,0.018,250.664
621,2.515,5.13,9.786,1.251,230.709,3.288,0.016,0.195,0.017,253.006
622,2.494,5.221,9.281,1.22,240.33,2.776,0.027,0.158,0.017,261.606
623,2.514,5.118,11.166,1.287,234.189,3.262,0.016,0.176,0.016,257.826
624,2.528,5.22,8.638,1.406,232.904,2.88,0.017,0.143,0.016,253.832
625,2.876,5.417,8.435,1.397,233.429,2.911,0.016,0.144,0.017,254.728
626,2.518,5.23,9.015,1.369,242.455,3.08,0.016,0.17,0.017,263.952
627,2.528,5.196,9.738,1.245,234.434,2.658,0.016,0.137,0.017,256.05
628,2.522,5.209,11.057,1.33,227.411,3.081,0.019,0.161,0.018,250.908
629,3.668,5.335,9.59,1.219,232.519,2.568,0.016,0.194,0.017,255.214
630,2.511,5.23,9.217,1.268,236.22,2.666,0.015,0.143,0.017,257.368
631,2.549,5.151,9.38,1.465,235.709,3.353,0.024,0.169,0.018,257.898
632,2.52,5.164,9.784,1.359,235.675,3.182,0.027,0.146,0.032,258.002
633,3.262,13.554,9.996,1.97,228.367,3.669,0.028,0.178,0.017,261.166
634,2.529,5.186,10.008,1.218,239.814,3.593,0.024,0.19,0.017,262.66
635,2.507,5.176,10.649,1.575,238.604,5.231,0.04,0.158,0.017,264.037
636,2.782,5.25,9.856,1.361,237.829,4.092,0.015,0.15,0.017,261.435
637,2.489,5.148,9.322,1.241,231.07,7.45,0.014,0.24,0.017,257.071
638,2.516,5.15,9.114,1.209,234.878,9.018,0.014,0.155,0.017,262.165
639,2.546,5.216,9.65,1.231,235.437,7.297,0.014,0.165,0.018,261.667
640,3.582,5.303,11.185,1.213,234.676,9.772,0.02,0.195,0.018,266.066
641,2.492,5.224,9.487,1.35,232.508,6.57,0.014,0.193,0.018,257.952
642,2.509,5.143,9.578,1.214,229.468,4.559,0.018,0.161,0.017,252.762
643,2.477,5.15,10.737,1.391,235.868,3.684,0.019,0.171,0.017,259.598
644,2.517,5.251,9.753,1.225,235.378,6.728,0.015,0.151,0.017,261.115
645,2.538,5.122,8.781,1.514,232.216,2.929,0.017,0.156,0.017,253.382
646,2.514,5.158,9.306,1.541,230.328,9.978,0.016,0.187,0.017,259.14
647,2.914,5.17,9.425,1.208,258.245,15.089,0.052,0.204,0.126,292.523
648,2.502,5.115,9.793,1.388,232.465,4.642,0.033,0.166,0.13,256.333
649,2.5,5.062,9.031,1.274,228.338,4.139,0.015,0.139,0.017,250.622
650,2.505,5.119,9.678,1.176,231.254,8.033,0.015,0.212,0.017,258.089
651,2.527,5.075,9.505,1.183,232.572,13.827,0.024,0.16,0.037,265.049
652,3.51,15.141,10.678,2.075,242.199,11.445,0.024,0.161,0.037,285.454
653,3.566,15.178,9.406,1.228,232.244,7.108,0.015,0.179,0.017,269.217
654,2.753,5.256,8.996,1.232,229.324,3.15,0.016,0.163,0.016,251.003
655,2.513,5.168,9.192,1.232,230.091,2.816,0.015,0.146,0.017,251.288
656,2.541,5.201,9.15,1.233,235.443,2.556,0.016,0.14,0.017,256.378
657,2.491,5.145,9.122,1.24,229.245,2.785,0.016,0.143,0.016,250.284
658,3.583,5.65,8.821,1.241,229.725,7.13,0.014,0.159,0.018,256.436
659,2.483,5.061,9.712,1.183,228.709,3.587,0.015,0.156,0.017,251.016
660,2.484,5.08,11.033,1.276,239.522,3.953,0.017,0.181,0.017,263.661
661,2.511,5.048,9.506,1.199,232.521,3.576,0.016,0.143,0.017,254.62
662,2.5,4.989,10.473,1.59,238.437,4.836,0.02,0.177,0.016,263.124
663,2.504,4.922,8.928,1.157,228.256,3.317,0.016,0.145,0.017,249.346
664,2.543,4.962,8.952,1.596,225.496,4.665,0.022,0.146,0.016,248.483
665,2.507,5.017,10.962,1.179,237.645,3.939,0.021,0.173,0.017,261.545
666,2.503,4.995,10.509,1.342,235.333,3.841,0.016,0.148,0.017,258.787
667,2.491,4.904,8.118,1.135,229.359,3.519,0.015,0.137,0.017,249.775
668,2.515,4.868,9.25,1.255,229.62,4.12,0.017,0.139,0.017,251.881
669,3.762,5.235,10.798,1.542,234.913,3.888,0.02,0.185,0.017,260.449
670,2.532,4.915,8.606,1.241,228.803,3.584,0.015,0.138,0.018,249.947
671,2.518,4.917,8.974,1.306,230.691,3.232,0.016,0.141,0.017,251.891
672,2.505,4.979,9.146,1.228,231.149,3.398,0.015,0.14,0.022,252.676
673,4.383,14.54,11.469,2.014,235.818,3.933,0.021,0.18,0.017,272.483
674,2.513,5.035,11.17,1.354,233.207,6.712,0.013,0.214,0.016,260.318
675,2.558,5.07,8.737,1.204,229.022,3.146,0.015,0.154,0.017,250.017
676,2.506,5.065,10.14,1.461,229.419,3.82,0.022,0.141,0.017,252.691
677,2.535,5.101,9.377,1.836,230.484,3.23,0.015,0.134,0.017,252.812
678,2.525,5.094,9.983,1.593,230.458,6.617,0.014,0.164,0.017,256.546
679,2.503,5.174,10.553,1.333,227.429,6.509,0.015,0.155,0.017,253.78
680,3.212,5.262,8.816,1.34,234.48,8.497,0.015,0.162,0.017,261.904
681,2.523,5.067,9.395,1.323,225.561,7.962,0.032,0.16,0.017,252.133
682,2.501,5.169,9.271,1.194,225.754,8.613,0.019,0.161,0.016,252.795
683,2.539,5.008,10.481,1.187,235.425,12.182,0.019,0.163,0.017,267.116
684,4.303,5.287,9.571,1.184,241.51,8.096,0.014,0.172,0.017,270.258
685,2.509,5.071,8.659,1.261,232.131,8.218,0.016,0.153,0.018,258.131
686,2.506,5.078,9.568,1.318,229.746,7.577,0.015,0.158,0.017,256.082
687,2.53,5.106,9.766,1.239,233.659,8.333,0.018,0.154,0.016,260.912
688,2.508,5.14,9.199,1.181,237.959,7.365,0.015,0.153,0.017,263.63
689,2.533,5.021,10.088,1.578,229.75,7.347,0.015,0.149,0.017,256.592
690,2.508,5.078,10.236,1.65,230.002,10.863,0.025,0.228,0.016,260.697
691,2.819,5.116,9.953,1.205,227.742,8.939,0.026,0.165,0.033,256.146
692,3.356,11.076,9.236,1.203,239.949,8.473,0.023,0.154,0.017,273.637
693,2.491,5.16,9.611,1.361,232.309,8.531,0.015,0.173,0.017,259.767
694,2.486,5.071,9.187,1.213,233.443,10.292,0.018,0.16,0.017,261.983
695,2.532,5.122,10.9,1.54,228.443,4.686,0.016,0.151,0.017,253.499
696,2.547,5.078,10.249,1.229,237.927,5.082,0.016,0.148,0.018,262.393
697,2.49,5.039,8.372,1.321,233.709,8.264,0.015,0.162,0.017,259.475
698,2.57,4.988,9.325,1.261,239.835,4.379,0.015,0.157,0.018,262.643
699,2.499,5.105,8.749,1.363,229.944,7.725,0.014,0.168,0.018,255.683
700,2.495,4.988,8.782,1.168,230.229,10.788,0.016,0.154,0.019,258.735
701,2.523,5.011,9.526,1.211,240.841,9.164,0.016,0.169,0.017,268.584
702,3.575,5.153,9.072,1.181,228.629,9.158,0.016,0.15,0.017,257.049
703,2.486,5.025,9.215,1.169,234.608,10.229,0.015,0.147,0.017,263.007
704,2.517,5.0,10.003,1.172,230.996,8.195,0.022,0.256,0.017,258.271
705,2.52,4.985,9.176,1.169,234.623,4.296,0.017,0.156,0.017,257.076
706,2.532,4.994,9.524,1.156,228.375,4.97,0.018,0.155,0.018,251.836
707,2.533,5.07,9.33,1.2,227.737,12.132,0.026,0.165,0.017,258.295
708,2.503,5.067,10.034,1.51,230.375,10.806,0.027,0.212,0.018,260.658
709,2.493,5.137,10.272,1.219,238.191,10.861,0.044,0.166,0.017,268.498
710,2.515,5.133,9.562,1.25,229.891,8.593,0.025,0.172,0.029,257.31
711,3.13,11.726,9.138,1.235,230.321,4.232,0.016,0.146,0.017,260.113
712,2.538,5.144,9.4,1.282,227.759,3.873,0.016,0.137,0.017,250.262
713,3.64,5.491,11.568,1.832,233.062,7.725,0.038,0.264,0.017,263.726
714,2.536,5.12,8.939,1.21,232.783,3.804,0.019,0.162,0.017,254.69
715,2.542,5.192,10.703,1.262,235.348,3.1,0.023,0.177,0.018,258.465
716,2.564,5.138,10.195,1.681,232.896,2.508,0.015,0.142,0.017,255.237
717,2.538,5.141,8.963,1.36,235.833,2.545,0.015,0.144,0.017,256.637
718,2.523,5.175,10.365,1.256,239.011,3.27,0.016,0.181,0.017,261.897
719,2.523,5.136,9.476,1.382,232.796,2.807,0.016,0.142,0.017,254.379
720,2.54,5.203,9.977,1.283,230.324,3.531,0.017,0.143,0.017,253.117
721,2.508,5.179,10.745,1.398,228.881,3.717,0.017,0.143,0.017,252.689
722,2.498,5.172,10.136,1.212,227.713,4.044,0.041,0.162,0.033,251.103
723,2.476,5.174,8.903,1.222,232.677,2.636,0.019,0.168,0.016,253.373
724,5.141,5.117,10.655,1.25,227.107,2.582,0.016,0.205,0.017,252.174
725,2.501,5.109,9.376,1.293,241.758,3.507,0.024,0.196,0.017,263.865
726,2.493,5.081,8.976,1.321,229.639,2.595,0.016,0.155,0.017,250.379
727,2.521,5.079,9.886,1.229,243.037,3.353,0.018,0.166,0.017,265.389
728,3.842,5.38,9.507,1.209,230.166,2.773,0.016,0.191,0.018,253.191
729,2.504,5.048,9.043,1.2,228.591,7.103,0.014,0.292,0.017,253.897
730,2.535,5.021,9.351,1.228,229.545,3.001,0.015,0.153,0.017,250.964
731,2.517,5.046,9.32,1.204,240.804,8.561,0.02,0.165,0.016,267.751
732,2.521,5.066,10.16,1.624,229.19,6.529,0.014,0.157,0.017,255.373
733,2.517,5.039,9.552,1.659,234.303,7.744,0.024,0.157,0.018,261.109
734,2.477,5.067,8.827,1.233,228.822,7.88,0.015,0.16,0.017,254.594
735,2.479,5.03,10.066,1.424,227.031,6.954,0.015,0.152,0.017,253.266
736,2.528,5.131,9.163,1.247,240.034,6.517,0.014,0.136,0.017,264.882
737,2.51,5.039,8.871,1.209,232.932,3.02,0.015,0.154,0.018,253.867
738,2.527,5.103,8.385,1.359,230.093,2.819,0.015,0.145,0.016,250.56
739,3.635,5.349,8.531,1.23,230.701,3.061,0.015,0.141,0.018,252.783
740,2.488,5.104,8.851,1.446,244.019,3.101,0.015,0.141,0.017,265.267
741,2.518,5.116,10.958,1.27,237.159,10.8,0.02,0.204,0.017,268.143
742,2.488,5.091,10.821,1.427,237.508,7.16,0.014,0.157,0.017,264.774
743,2.506,5.077,10.148,1.295,235.383,3.201,0.034,0.189,0.017,257.948
744,2.48,5.12,8.437,1.299,245.038,2.786,0.014,0.141,0.017,265.428
745,2.53,5.086,8.596,1.267,232.506,2.563,0.016,0.143,0.016,252.805
746,2.512,5.115,8.837,1.311,229.629,2.436,0.016,0.143,0.018,250.1
747,2.533,5.09,11.035,1.634,238.712,3.407,0.02,0.184,0.017,262.713
748,2.524,5.167,9.048,1.719,229.879,3.389,0.017,0.145,0.033,252.032
749,3.23,12.77,11.268,2.979,232.009,5.314,0.023,0.138,0.026,267.877
750,3.987,11.054,11.045,1.636,227.978,8.219,0.023,0.173,0.018,264.236
751,3.061,5.269,10.607,1.658,234.964,9.957,0.021,0.174,0.016,265.825
752,2.522,5.07,9.527,1.413,238.163,7.076,0.015,0.15,0.017,264.05
753,2.518,5.041,8.855,1.182,241.518,4.359,0.017,0.153,0.018,263.754
754,2.513,5.027,9.586,1.214,229.883,3.769,0.023,0.16,0.018,252.317
755,2.485,5.191,11.619,1.452,238.501,3.196,0.024,0.302,0.018,262.872
756,2.493,5.175,9.25,1.464,229.481,2.792,0.016,0.146,0.017,250.914
757,2.495,5.164,8.765,1.214,230.644,2.719,0.015,0.14,0.018,251.258
758,2.491,5.101,11.329,1.834,236.482,3.808,0.023,0.353,0.017,261.519
759,2.511,5.054,8.978,1.464,235.439,8.573,0.014,0.148,0.017,262.28
760,2.571,5.047,9.796,1.341,232.612,3.068,0.015,0.16,0.017,254.72
761,3.77,5.274,9.465,1.335,324.577,3.755,0.037,0.152,0.017,348.49
762,2.518,5.075,9.983,1.205,228.142,10.885,0.022,0.148,0.018,258.077
763,2.545,5.103,9.329,1.432,238.245,7.618,0.014,0.161,0.017,264.557
764,2.48,5.06,9.882,1.237,227.805,7.26,0.015,0.156,0.018,254.01
765,2.495,5.041,9.298,1.211,230.076,7.439,0.015,0.153,0.018,255.841
766,4.799,5.268,11.0,2.359,227.336,7.68,0.015,0.15,0.017,258.728
767,4.761,5.277,9.353,1.341,240.993,2.552,0.015,0.156,0.017,264.568
768,3.565,5.478,9.15,1.198,229.16,2.475,0.016,0.144,0.037,251.377
769,3.586,11.121,9.08,1.299,234.97,2.637,0.016,0.155,0.018,263.008
770,2.453,5.174,10.498,1.2,230.728,2.727,0.016,0.271,0.017,253.169
771,2.5,5.139,9.283,1.205,230.063,2.899,0.015,0.143,0.016,251.344
772,2.533,5.095,9.205,1.214,240.505,6.835,0.014,0.155,0.017,265.654
773,2.509,5.039,8.699,1.407,225.746,3.454,0.018,0.158,0.018,247.147
774,2.51,5.052,9.524,1.367,224.746,6.748,0.015,0.168,0.017,250.244
775,2.511,5.043,9.852,1.453,225.791,6.224,0.015,0.14,0.018,251.152
776,2.529,5.116,9.248,1.278,232.908,6.498,0.02,0.193,0.018,257.905
777,2.553,5.141,9.206,1.178,228.398,3.588,0.017,0.157,0.017,250.352
778,2.495,5.046,9.307,1.193,226.0,4.154,0.017,0.141,0.017,248.467
779,2.771,5.098,9.225,1.613,227.192,7.8,0.014,0.157,0.018,253.969
780,2.555,4.952,10.588,1.285,237.599,3.819,0.023,0.242,0.018,261.174
781,2.521,4.966,8.614,1.17,226.743,3.029,0.017,0.139,0.018,247.32
782,2.525,5.002,9.455,1.458,230.263,2.986,0.017,0.137,0.018,251.943
783,3.949,5.283,8.553,1.541,229.885,2.895,0.016,0.146,0.017,252.373
784,2.538,5.096,10.601,1.35,234.92,9.065,0.016,0.144,0.018,263.832
785,2.559,5.062,9.199,1.21,237.184,6.325,0.014,0.157,0.018,261.82
786,2.553,5.095,9.724,1.486,229.854,3.143,0.016,0.154,0.017,252.139
787,2.52,5.13,10.646,1.521,229.322,2.556,0.016,0.143,0.018,251.97
788,2.511,5.153,9.367,1.2,229.561,7.254,0.015,0.153,0.017,255.31
789,2.507,5.033,11.524,1.188,258.817,19.746,0.022,0.285,0.016,299.25
790,3.59,5.147,13.481,1.972,232.676,10.233,0.038,0.228,0.018,267.502
791,2.493,5.074,10.013,1.181,237.863,8.002,0.014,0.154,0.017,264.908
792,2.526,5.029,8.762,1.267,229.658,6.822,0.015,0.148,0.017,254.34
793,2.538,5.068,10.571,1.193,239.105,10.197,0.02,0.192,0.017,268.994
794,2.575,5.016,9.505,1.614,230.488,6.952,0.015,0.154,0.017,256.459
795,2.498,5.025,8.984,1.257,229.565,6.574,0.014,0.155,0.018,254.188
796,2.502,5.016,9.114,1.292,228.299,6.414,0.015,0.155,0.017,252.922
797,2.518,5.112,9.003,1.242,237.884,6.536,0.015,0.154,0.017,262.574
798,2.542,5.077,9.518,1.216,228.769,3.333,0.021,0.149,0.017,250.741
799,2.49,5.141,9.999,1.243,230.04,3.511,0.022,0.158,0.017,252.702
800,2.515,5.045,9.667,1.371,228.743,7.325,0.016,0.176,0.017,254.96
801,2.69,5.417,10.045,1.372,251.568,8.966,0.023,0.164,0.017,280.359
802,2.48,5.048,11.152,1.329,266.691,3.784,0.025,0.253,0.018,290.878
803,2.484,5.138,9.842,1.306,249.73,3.722,0.02,0.149,0.017,272.503
804,2.533,5.148,10.963,1.327,252.552,3.278,0.018,0.151,0.017,276.07
805,2.502,5.105,11.73,1.529,265.126,3.357,0.04,0.222,0.017,289.711
806,2.534,5.126,11.1,1.817,259.655,3.767,0.025,0.187,0.037,284.368
807,3.275,13.137,9.436,1.329,246.249,3.309,0.018,0.14,0.017,277.01
808,3.62,5.387,9.776,1.519,232.858,3.07,0.024,0.132,0.017,256.495
809,2.494,5.094,9.489,1.25,247.655,6.727,0.026,0.234,0.017,273.069
810,4.922,5.185,10.216,1.24,243.632,3.102,0.019,0.202,0.018,268.654
811,4.76,5.348,10.164,1.325,241.289,2.487,0.017,0.197,0.018,265.728
812,2.529,5.298,8.867,1.221,239.72,3.543,0.032,0.183,0.017,261.493
813,2.506,5.146,10.502,1.403,239.475,2.412,0.016,0.141,0.017,261.722
814,2.511,5.083,8.545,1.25,230.752,2.445,0.013,0.139,0.017,250.837
815,2.832,5.069,8.506,1.39,231.048,2.785,0.016,0.158,0.017,251.905
816,2.53,5.081,9.289,1.768,233.897,2.808,0.027,0.177,0.017,255.677
817,2.493,5.086,8.952,1.306,239.564,2.919,0.03,0.143,0.017,260.593
818,2.542,5.113,8.787,1.24,229.442,2.456,0.014,0.143,0.017,249.834
819,4.137,5.709,9.758,1.225,232.5,3.935,0.018,0.145,0.017,257.559
820,4.789,5.351,9.201,1.709,230.044,2.581,0.015,0.139,0.018,253.948
821,2.55,5.134,10.645,1.24,237.251,4.295,0.038,0.198,0.017,261.449
822,2.51,5.183,9.512,1.202,236.764,2.952,0.016,0.137,0.017,258.372
823,2.531,5.084,9.173,1.994,235.884,3.135,0.015,0.154,0.017,258.071
824,2.522,5.137,9.501,1.27,235.48,3.429,0.02,0.153,0.017,257.613
825,2.5,5.124,8.551,1.318,241.534,2.963,0.015,0.141,0.037,262.303
826,4.544,14.914,10.065,2.397,241.656,3.382,0.016,0.144,0.018,277.244
827,2.51,5.067,8.945,1.243,230.642,11.602,0.042,0.181,0.107,260.422
828,2.506,4.976,11.125,1.235,230.162,7.621,0.031,0.157,0.12,258.054
829,2.549,5.012,9.429,1.369,241.143,4.545,0.017,0.169,0.017,264.352
830,2.496,5.002,9.037,1.265,247.559,9.376,0.028,0.189,0.018,275.064
831,2.51,4.988,9.969,1.369,249.83,9.43,0.023,0.171,0.017,278.404
832,4.907,5.126,9.37,1.289,231.162,7.175,0.015,0.15,0.017,259.31
833,3.971,4.993,10.355,1.175,227.864,7.308,0.016,0.161,0.018,255.957
834,2.479,4.987,9.502,1.566,249.84,3.681,0.03,0.189,0.018,272.39
835,2.517,4.924,9.166,1.573,232.346,7.714,0.015,0.152,0.017,258.507
836,2.543,4.947,10.398,1.188,233.495,13.115,0.034,0.163,0.113,266.087
837,2.509,4.974,9.728,1.326,231.778,9.779,0.034,0.215,0.117,260.561
838,2.529,4.995,9.543,1.22,251.667,7.725,0.025,0.189,0.017,278.014
839,2.512,5.056,8.679,1.221,231.501,3.192,0.016,0.156,0.017,252.448
840,2.521,5.049,8.705,1.225,229.568,2.672,0.016,0.141,0.017,250.009
841,2.517,5.092,10.559,1.737,237.575,2.645,0.025,0.3,0.017,260.551
842,2.514,5.069,11.139,1.697,259.026,3.13,0.017,0.182,0.017,282.874
843,2.518,5.046,12.188,1.763,252.805,3.056,0.028,0.211,0.017,277.716
844,3.66,5.397,11.056,1.421,243.072,2.44,0.016,0.212,0.037,267.438
845,3.556,14.765,9.951,1.205,231.233,2.579,0.016,0.141,0.033,263.62
846,3.256,12.838,10.687,2.377,234.824,3.047,0.015,0.409,0.017,267.574
847,2.516,5.093,9.106,1.507,239.765,2.897,0.019,0.143,0.017,261.148
848,2.494,5.113,8.926,1.214,228.871,2.935,0.018,0.245,0.017,249.917
849,2.517,5.096,8.657,1.22,229.634,3.269,0.015,0.14,0.018,250.648
850,2.51,5.072,9.536,1.253,239.374,4.06,0.018,0.14,0.016,262.059
851,2.625,5.307,12.076,1.226,242.39,3.739,0.032,0.161,0.018,267.657
852,2.515,5.136,9.163,1.317,234.222,7.057,0.015,0.152,0.017,259.676
853,2.491,5.137,10.203,1.488,228.564,3.651,0.016,0.156,0.017,251.819
854,2.49,5.121,10.629,1.208,232.424,3.813,0.014,0.137,0.017,255.95
855,3.791,5.196,8.929,1.368,227.223,4.135,0.016,0.139,0.017,250.904
856,2.522,5.174,10.654,1.368,228.804,3.785,0.016,0.142,0.017,252.563
857,2.491,5.074,9.318,1.296,227.792,4.437,0.018,0.139,0.017,250.667
858,2.508,5.122,9.349,1.411,232.056,4.491,0.02,0.141,0.017,255.198
859,2.517,5.134,9.893,1.223,231.776,4.412,0.019,0.147,0.017,255.22
860,2.524,5.163,9.634,1.282,229.911,3.779,0.017,0.138,0.017,252.548
861,2.499,5.21,9.806,1.446,231.293,4.124,0.039,0.167,0.017,254.704
862,2.516,5.167,9.617,1.213,229.95,3.282,0.017,0.217,0.017,252.078
863,2.503,5.185,8.811,1.363,232.063,3.604,0.037,0.154,0.018,253.822
864,2.508,5.157,9.3,1.625,230.443,3.532,0.032,0.144,0.032,252.884
865,3.227,12.875,9.554,1.378,226.63,3.547,0.017,0.188,0.026,257.558
866,4.496,14.74,12.076,3.152,241.777,2.904,0.017,0.144,0.017,279.438
867,2.543,5.118,9.863,1.268,228.357,3.505,0.025,0.216,0.018,250.996
868,2.587,5.218,9.423,1.242,237.025,3.274,0.016,0.139,0.017,259.023
869,2.54,5.089,9.37,1.219,228.657,11.749,0.024,0.166,0.017,258.914
870,2.495,5.124,9.09,1.318,228.328,7.124,0.023,0.162,0.017,253.786
871,2.486,5.129,10.217,1.237,244.235,9.148,0.036,0.281,0.018,272.886
872,2.503,5.123,9.268,1.244,227.245,4.453,0.017,0.149,0.018,250.125
873,2.502,5.11,8.85,1.27,228.829,12.787,0.039,0.161,0.115,259.751
874,2.529,5.02,10.071,1.484,228.28,11.443,0.032,0.241,0.112,259.316
875,2.502,5.164,9.897,1.247,241.329,7.436,0.049,0.173,0.131,268.026
876,2.493,5.112,8.9,1.255,228.162,4.521,0.02,0.141,0.017,250.731
877,3.794,5.245,9.849,1.237,229.169,8.471,0.016,0.154,0.017,258.04
878,2.525,5.073,9.677,1.38,226.766,9.111,0.015,0.156,0.017,254.817
879,2.5,4.938,10.116,1.271,242.294,8.814,0.015,0.158,0.017,270.219
880,2.545,5.017,10.809,1.367,228.925,9.449,0.022,0.151,0.017,258.396
881,2.52,5.033,9.625,1.43,244.897,8.201,0.014,0.162,0.017,271.994
882,2.519,5.086,8.57,1.237,230.383,8.253,0.015,0.222,0.018,256.397
883,2.487,5.073,10.243,1.233,234.919,11.183,0.02,0.192,0.017,265.467
884,2.507,5.049,10.575,1.946,244.047,8.61,0.014,0.155,0.036,273.084
885,3.56,14.722,9.862,1.248,231.967,8.15,0.014,0.148,0.037,269.878
886,3.557,14.735,8.996,1.339,229.953,9.054,0.014,0.15,0.018,267.931
887,2.514,5.154,10.109,1.243,235.068,3.454,0.014,0.147,0.017,257.816
888,2.518,5.164,9.205,1.516,229.259,3.564,0.015,0.143,0.018,251.497
889,2.527,5.141,9.553,1.262,228.459,3.993,0.017,0.143,0.017,251.193
890,2.53,5.109,9.024,1.261,228.031,3.543,0.014,0.152,0.018,249.764
891,2.473,5.161,10.246,1.218,238.672,5.865,0.025,0.186,0.018,263.948
892,2.483,5.118,10.842,1.742,237.292,4.179,0.014,0.166,0.017,261.97
893,2.491,5.142,8.907,1.199,227.014,4.026,0.016,0.138,0.017,249.03
894,2.48,5.12,9.577,1.209,227.782,8.478,0.015,0.15,0.017,254.907
895,2.853,5.102,10.427,1.193,231.13,12.021,0.038,0.229,0.017,263.106
896,2.49,5.134,9.474,1.828,242.425,4.165,0.016,0.156,0.017,265.815
897,2.502,5.095,11.481,1.208,231.992,4.002,0.056,0.174,0.017,256.627
898,2.51,5.119,10.494,1.228,235.919,3.299,0.014,0.146,0.017,258.828
899,3.791,5.269,9.229,1.249,231.569,3.138,0.032,0.144,0.018,254.529
900,2.503,5.042,9.624,1.451,237.325,3.887,0.017,0.163,0.018,260.115
901,2.514,5.047,9.847,1.198,230.51,3.362,0.019,0.162,0.018,252.758
902,2.502,5.08,9.373,1.232,229.896,3.008,0.015,0.138,0.017,251.341
903,2.496,5.08,9.035,1.201,230.501,2.846,0.016,0.139,0.017,251.414
904,2.533,5.094,11.13,1.351,239.056,3.732,0.027,0.185,0.032,263.25
905,3.221,12.75,9.536,1.286,229.078,3.594,0.038,0.156,0.043,259.907
906,3.859,14.66,11.801,1.753,232.821,2.846,0.337,0.184,0.017,268.378
907,2.562,5.107,9.512,1.258,228.782,3.03,0.016,0.137,0.017,250.507
908,2.496,5.108,10.178,1.226,236.16,4.31,0.024,0.182,0.017,259.785
909,2.529,5.12,9.453,1.548,234.517,4.541,0.018,0.136,0.017,257.96
910,3.926,5.499,9.273,1.284,233.078,7.746,0.015,0.213,0.017,261.146
911,2.529,5.19,10.646,1.406,229.574,9.9,0.069,0.208,0.017,259.639
912,2.544,5.11,10.359,1.229,233.956,4.136,0.016,0.161,0.017,257.62
913,2.5,5.206,9.8,1.602,241.692,3.443,0.017,0.147,0.018,264.52
914,2.534,5.068,10.242,1.253,233.033,13.365,1.398,0.283,0.034,267.29
915,2.492,5.144,9.322,1.363,233.452,4.705,0.029,0.174,0.017,256.798
916,2.55,5.187,10.129,1.794,229.444,3.374,0.016,0.143,0.017,252.762
917,2.902,5.469,11.309,1.944,232.975,3.841,0.022,0.189,0.017,258.76
918,2.491,5.194,9.434,1.333,276.865,3.237,0.016,0.146,0.018,298.817
919,2.496,5.218,9.083,1.514,235.199,2.783,0.016,0.143,0.017,256.549
920,2.527,5.16,8.728,1.272,230.457,2.817,0.016,0.144,0.016,251.219
921,2.54,5.2,10.271,1.655,239.463,3.443,0.064,0.297,0.017,263.031
922,2.541,5.103,9.945,1.268,234.043,3.043,0.018,0.189,0.017,256.251
923,2.536,5.165,9.384,1.223,229.175,3.321,0.018,0.192,0.017,251.113
924,2.533,5.167,9.288,1.215,230.489,2.769,0.016,0.147,0.036,251.779
925,3.514,15.168,10.507,2.109,230.733,3.485,0.016,0.149,0.017,265.805
926,2.513,5.136,9.53,1.394,235.407,3.018,0.017,0.143,0.016,257.26
927,2.491,5.166,8.949,1.238,229.819,2.933,0.016,0.137,0.016,250.846
928,4.514,5.462,8.755,1.255,229.822,3.347,0.023,0.147,0.018,253.436
929,2.506,5.132,9.281,1.564,233.53,3.1,0.016,0.145,0.018,255.375
930,2.51,5.123,9.238,1.334,237.452,3.496,0.016,0.2,0.016,259.468
931,2.537,5.186,9.027,1.268,235.445,4.292,0.02,0.24,0.017,258.111
932,3.67,5.417,10.258,1.218,234.307,3.628,0.016,0.147,0.016,258.768
933,2.515,5.125,10.2,1.772,226.956,4.78,0.02,0.143,0.018,251.608
934,2.532,5.066,11.551,1.264,232.247,10.526,0.02,0.237,0.017,263.545
935,2.501,5.078,9.541,1.329,240.212,7.492,0.014,0.131,0.017,266.411
936,2.488,5.084,9.714,1.525,241.164,11.597,0.025,0.18,0.017,271.904
937,2.523,5.024,9.691,1.196,235.623,3.752,0.023,0.216,0.018,258.16
938,2.509,5.035,9.194,1.212,245.468,10.137,0.021,0.154,0.017,273.84
939,3.849,5.379,10.561,1.527,251.544,7.843,0.016,0.249,0.018,281.096
940,2.493,5.007,9.78,1.296,229.573,10.1,0.024,0.172,0.019,258.56
941,2.509,4.989,9.248,1.186,229.284,4.766,0.017,0.155,0.018,252.268
942,2.532,4.892,9.497,1.176,228.518,7.801,0.016,0.16,0.017,254.702
943,2.538,4.948,9.58,1.159,238.538,3.153,0.016,0.147,0.029,260.237
944,3.561,14.484,9.25,1.246,231.584,8.37,0.014,0.153,0.017,268.79
945,2.501,5.022,9.914,1.279,229.465,7.626,0.016,0.152,0.018,256.087
946,2.55,5.089,9.842,1.31,229.012,3.516,0.02,0.157,0.018,251.613
947,2.525,4.979,10.295,1.328,239.354,7.966,0.014,0.175,0.017,266.748
948,2.524,4.965,9.684,1.314,242.692,9.549,0.02,0.213,0.017,271.078
949,2.535,5.034,9.996,1.278,241.865,7.948,0.041,0.17,0.121,269.079
950,4.015,5.616,9.754,1.284,236.579,12.426,0.038,0.201,0.113,270.135
951,2.522,5.092,11.911,1.32,236.638,12.752,0.031,0.216,0.109,270.711
952,2.497,5.126,8.713,1.327,230.35,7.415,0.031,0.164,0.136,255.856
953,2.519,5.1,9.459,1.181,242.617,11.489,0.063,0.176,0.14,272.842
954,2.495,5.095,9.937,1.596,232.598,8.377,0.045,0.234,0.136,260.629
955,2.506,5.099,10.365,1.228,232.577,5.337,0.017,0.171,0.017,257.422
956,2.518,5.095,9.31,1.344,241.157,4.123,0.014,0.147,0.017,263.824
957,4.352,5.298,8.662,1.225,230.922,4.709,0.015,0.147,0.017,255.436
958,2.491,5.159,8.946,1.316,228.61,4.017,0.016,0.139,0.017,250.797
959,2.487,5.173,9.162,1.554,237.263,5.243,0.017,0.138,0.017,261.135
960,2.605,5.204,9.426,1.398,236.884,3.715,0.016,0.137,0.017,259.483
961,2.568,5.151,9.316,1.25,236.089,3.653,0.015,0.145,0.017,258.285
962,2.487,5.214,8.815,1.325,230.293,3.853,0.014,0.139,0.037,252.298
963,3.612,15.429,9.452,1.257,231.737,5.347,0.022,0.144,0.017,267.125
964,2.509,5.185,8.925,1.316,238.81,4.693,0.017,0.143,0.017,261.695
965,4.89,5.451,10.122,1.741,227.593,4.65,0.016,0.138,0.016,254.742
966,2.572,5.191,10.668,1.365,230.669,4.691,0.023,0.153,0.018,255.431
967,4.776,5.237,9.831,2.0,225.597,4.003,0.022,0.192,0.022,251.768
968,3.632,5.305,8.884,1.222,234.5,5.444,0.023,0.14,0.018,259.26
969,2.515,5.123,10.008,1.336,230.683,8.134,0.015,0.152,0.017,258.066
970,2.485,5.173,9.06,1.288,237.222,8.115,0.016,0.159,0.018,263.631
971,2.547,5.201,10.352,1.359,232.866,7.437,0.015,0.159,0.017,260.053
972,2.51,5.179,10.74,1.577,232.071,8.282,0.039,0.193,0.017,260.704
973,2.496,5.146,8.8,1.214,237.905,7.5,0.014,0.156,0.018,263.346
974,2.499,5.075,9.533,1.366,230.206,7.627,0.015,0.149,0.017,256.604
975,2.51,5.091,9.728,1.193,231.088,8.677,0.017,0.144,0.018,258.562
976,2.534,5.112,10.196,1.217,253.358,11.007,0.023,0.17,0.018,283.729
977,2.521,5.177,9.405,1.284,256.997,9.617,0.017,0.15,0.017,285.283
978,2.496,5.123,10.516,1.54,234.568,8.819,0.015,0.15,0.017,263.339
979,4.115,5.771,11.014,1.372,235.85,11.535,0.033,0.241,0.017,270.086
980,2.493,5.013,9.993,1.224,237.37,8.117,0.016,0.197,0.018,264.561
981,2.55,5.077,9.957,1.157,245.29,8.566,0.016,0.162,0.036,272.958
982,3.599,15.042,10.404,2.298,235.674,8.577,0.016,0.158,0.018,275.91
983,2.531,4.957,9.88,1.185,244.715,8.501,0.015,0.155,0.018,272.055
984,2.51,4.946,10.778,1.216,232.932,7.377,0.015,0.161,0.018,260.045
985,2.512,4.995,9.833,1.211,243.604,7.789,0.015,0.265,0.016,270.337
986,4.278,5.217,10.305,1.19,237.257,12.225,0.034,0.227,0.018,270.854
987,2.497,4.944,9.651,1.414,239.991,7.601,0.016,0.147,0.017,266.374
988,2.536,5.066,8.803,1.317,230.09,7.394,0.016,0.155,0.016,255.49
989,2.533,4.942,9.216,1.258,240.482,8.157,0.016,0.155,0.017,266.873
990,2.536,4.936,10.319,1.557,233.833,9.364,0.024,0.152,0.017,262.837
991,2.527,5.005,9.441,1.382,229.003,7.922,0.015,0.152,0.017,255.561
992,2.534,5.074,10.078,1.256,237.523,9.213,0.015,0.164,0.017,265.966
993,4.423,5.251,9.342,1.434,233.192,9.023,0.016,0.155,0.018,262.959
994,2.495,5.144,10.683,1.203,231.039,4.01,0.016,0.163,0.018,254.865
995,2.495,5.147,10.232,1.684,228.309,4.592,0.017,0.142,0.017,252.734
996,2.536,5.138,11.011,1.636,234.786,3.99,0.015,0.173,0.016,259.381
997,3.79,5.425,9.14,1.216,240.07,3.61,0.015,0.136,0.017,263.514
998,2.506,5.126,9.202,1.199,228.863,3.673,0.017,0.152,0.017,250.836
999,2.508,5.175,8.918,1.239,229.252,2.865,0.015,0.174,0.017,250.246
1000,2.486,5.153,8.969,1.223,231.132,2.56,0.015,0.144,0.037,251.842
1001,3.599,14.775,11.136,2.496,242.171,3.357,0.019,0.373,0.016,278.05
1002,2.517,5.117,9.046,1.252,228.989,2.605,0.016,0.137,0.017,249.778
1003,2.476,5.154,9.415,1.232,230.412,3.44,0.017,0.147,0.017,252.39
1004,2.84,5.256,9.283,1.39,230.409,3.152,0.032,0.158,0.017,252.624
1005,2.49,5.153,10.863,1.295,236.371,3.583,0.024,0.393,0.017,260.273
1006,2.507,5.2,8.969,1.227,229.469,7.803,0.032,0.18,0.017,255.489
1007,2.495,5.129,9.096,1.221,239.957,3.213,0.016,0.156,0.017,261.393
1008,3.723,5.407,9.002,1.431,228.173,6.804,0.015,0.151,0.018,254.826
1009,2.503,5.098,8.721,1.256,230.531,3.272,0.016,0.153,0.017,251.66
1010,2.501,5.098,8.661,1.294,241.393,3.551,0.018,0.15,0.018,262.786
1011,2.518,5.161,9.657,1.242,231.672,4.558,0.02,0.142,0.017,255.07
1012,2.519,5.112,10.781,1.631,228.587,3.645,0.036,0.15,0.017,252.559
1013,4.807,5.233,10.932,1.507,238.624,3.465,0.016,0.176,0.017,264.87
1014,4.765,5.269,9.969,1.2,230.305,3.438,0.019,0.138,0.022,255.238
1015,2.852,5.13,9.68,1.218,227.755,3.068,0.018,0.196,0.017,250.019
1016,2.502,5.154,8.756,1.235,229.411,2.887,0.016,0.142,0.017,250.203
1017,2.509,5.128,8.724,1.272,231.523,3.016,0.016,0.147,0.017,252.434
1018,2.496,5.084,10.019,1.331,242.029,3.432,0.016,0.14,0.017,264.644
1019,3.67,5.215,9.51,1.354,230.165,3.808,0.017,0.141,0.016,253.984
1020,2.502,10.376,9.949,1.67,227.595,3.803,0.015,0.138,0.017,256.162
1021,2.497,5.071,11.177,1.753,236.742,3.702,0.015,0.249,0.018,261.305
1022,2.497,5.055,8.898,1.326,239.184,4.673,0.018,0.127,0.017,261.879
1023,2.529,5.102,10.04,1.249,232.955,4.312,0.015,0.146,0.017,256.449
1024,2.519,5.046,8.778,1.317,242.69,5.041,0.018,0.14,0.016,265.647
1025,2.503,5.061,10.259,1.232,239.936,11.32,0.038,0.172,0.148,270.75
1026,3.936,5.144,10.94,1.599,237.559,12.295,0.056,0.234,0.13,271.999
1027,2.522,5.103,10.041,1.741,248.207,8.671,0.034,0.189,0.13,276.732
1028,2.523,5.033,9.71,1.808,246.893,4.942,0.018,0.19,0.019,271.248
1029,2.481,5.195,9.581,1.331,247.156,4.404,0.018,0.145,0.017,270.422
1030,2.529,5.171,11.873,1.344,256.616,4.599,0.024,0.214,0.017,282.47
1031,2.508,5.134,9.431,1.473,240.667,3.485,0.015,0.139,0.017,262.954
1032,2.515,5.106,9.778,1.563,230.885,3.669,0.016,0.14,0.016,253.772
1033,2.581,5.13,11.17,1.57,231.99,4.135,0.015,0.14,0.017,256.831
1034,2.495,5.067,10.539,1.406,240.593,4.25,0.037,0.231,0.017,264.719
1035,2.516,5.22,10.647,1.531,238.98,3.375,0.015,0.191,0.017,262.573
1036,2.514,5.11,9.624,1.274,239.751,5.104,0.023,0.179,0.017,263.676
1037,3.702,6.187,11.276,1.391,248.239,3.693,0.016,0.141,0.017,274.778
1038,2.513,5.186,10.482,1.388,234.313,3.593,0.039,0.22,0.036,257.892
1039,3.182,12.021,9.859,1.757,242.542,2.998,0.016,0.166,0.017,272.677
1040,2.499,5.231,9.774,1.34,230.9,2.738,0.016,0.138,0.017,252.738
1041,2.555,5.134,9.352,1.327,239.347,3.216,0.017,0.139,0.017,261.186
1042,2.517,5.204,9.942,1.38,232.464,2.852,0.016,0.139,0.017,254.615
1043,2.54,5.172,10.785,1.475,243.596,3.368,0.02,0.149,0.017,267.201
1044,2.844,5.149,9.889,1.225,232.5,3.939,0.021,0.162,0.017,255.831
1045,2.498,5.178,11.696,1.896,237.743,3.277,0.015,0.142,0.017,262.545
1046,2.561,5.159,9.095,1.305,231.359,3.554,0.015,0.139,0.017,253.286
1047,2.497,5.131,9.395,1.617,245.96,3.538,0.015,0.141,0.017,268.392
1048,3.78,5.677,8.616,1.236,233.638,3.267,0.015,0.152,0.017,256.521
1049,2.516,5.156,9.202,1.237,231.058,3.196,0.015,0.237,0.017,252.717
1050,2.521,5.151,9.928,1.251,243.082,3.094,0.018,0.179,0.019,265.322
1051,2.499,5.174,10.123,1.489,263.314,3.451,0.028,0.195,0.017,286.371
1052,2.512,5.167,11.867,2.033,234.889,3.15,0.016,0.141,0.017,259.876
1053,2.517,5.263,10.129,1.306,233.801,3.217,0.025,0.199,0.016,256.553
1054,2.52,5.176,9.105,1.256,248.48,2.987,0.018,0.312,0.016,269.95
1055,3.758,5.569,8.771,1.481,240.144,2.893,0.014,0.14,0.017,262.881
1056,2.516,6.06,8.511,1.55,237.603,2.866,0.018,0.132,0.017,259.436
1057,2.53,5.184,9.76,1.236,229.404,2.813,0.016,0.141,0.029,251.215
1058,3.267,12.781,10.069,1.513,234.409,3.112,0.016,0.167,0.016,265.451
1059,4.811,5.431,10.053,1.644,246.767,3.206,0.016,0.138,0.017,272.174
1060,4.654,5.341,9.481,1.431,240.121,3.745,0.02,0.165,0.017,265.061
1061,2.514,5.12,9.427,1.227,234.56,3.34,0.019,0.142,0.023,256.477
1062,2.701,5.16,11.341,1.731,233.788,3.726,0.022,0.154,0.017,258.724
1063,4.779,5.291,9.533,1.694,233.39,2.799,0.025,0.163,0.018,257.785
1064,4.805,5.296,10.213,2.039,242.262,4.318,0.027,0.157,0.018,269.222
1065,2.483,5.178,10.165,1.35,229.832,3.814,0.021,0.153,0.017,253.091
1066,2.498,5.149,10.636,1.47,242.134,3.347,0.017,0.225,0.016,265.578
1067,2.513,5.171,8.804,1.249,231.557,3.022,0.015,0.142,0.018,252.573
1068,2.539,5.176,8.835,1.242,229.141,3.418,0.016,0.137,0.017,250.602
1069,2.533,5.146,9.937,1.455,229.952,4.585,0.016,0.144,0.018,253.865
1070,2.502,5.19,9.986,1.674,251.835,8.765,0.024,0.192,0.017,280.267
1071,2.485,5.175,10.277,1.26,228.002,3.375,0.025,0.188,0.017,250.896
1072,2.488,5.216,9.232,1.209,228.937,3.46,0.014,0.137,0.017,250.811
1073,2.81,5.406,9.224,1.284,234.867,3.977,0.02,0.159,0.017,257.851
1074,2.477,5.105,9.402,1.189,238.356,8.333,0.014,0.177,0.017,265.151
1075,2.553,5.133,8.827,1.432,230.133,3.426,0.014,0.153,0.018,251.782
1076,2.515,5.125,9.501,1.46,330.105,4.145,0.017,0.152,0.036,353.208
1077,3.578,15.364,9.227,1.292,243.595,3.721,0.016,0.145,0.027,277.093
1078,3.193,11.695,10.254,1.888,243.032,10.979,0.025,0.397,0.017,281.582
1079,2.509,5.117,10.636,1.336,234.201,4.84,0.03,0.234,0.016,259.021
1080,3.717,5.364,9.824,1.683,240.632,4.745,0.021,0.271,0.018,266.394
1081,2.526,5.192,9.632,1.27,235.795,3.543,0.015,0.143,0.017,258.217
1082,2.488,5.2,8.628,1.375,242.933,3.974,0.018,0.143,0.017,264.859
1083,2.522,5.186,9.303,1.23,229.63,4.686,0.026,0.141,0.017,252.823
1084,2.497,5.129,9.193,1.237,235.081,3.845,0.035,0.169,0.017,257.283
1085,2.538,5.116,10.744,1.205,243.596,4.621,0.016,0.143,0.017,268.079
1086,2.514,5.147,9.565,1.206,228.652,10.361,0.015,0.148,0.017,257.707
1087,5.22,5.286,9.932,1.368,232.818,8.282,0.015,0.226,0.017,263.259
1088,2.551,5.118,9.238,1.306,233.109,9.363,0.015,0.146,0.018,260.961
1089,2.511,5.157,11.175,1.757,245.577,11.875,0.03,0.222,0.112,278.505
1090,2.527,5.167,9.676,1.415,228.314,8.966,0.033,0.165,0.109,256.473
1091,3.698,5.219,9.813,1.447,228.839,7.708,0.019,0.149,0.018,257.042
1092,2.493,5.084,9.062,1.423,226.741,4.221,0.016,0.165,0.018,249.32
1093,2.5,5.065,10.87,1.396,241.423,5.647,0.023,0.159,0.017,267.2
1094,2.496,5.112,9.636,1.206,229.913,8.761,0.015,0.2,0.018,257.439
1095,2.492,5.108,9.464,1.225,230.219,5.302,0.018,0.15,0.018,254.088
1096,2.496,5.093,10.083,1.487,232.055,7.934,0.015,0.157,0.03,259.474
1097,3.574,14.699,10.76,1.228,244.165,5.215,0.024,0.251,0.017,280.049
1098,4.3,5.291,11.112,1.215,233.302,10.314,0.028,0.329,0.019,266.012
1099,2.527,5.167,8.596,1.466,243.947,3.426,0.015,0.161,0.018,265.414
1100,2.482,5.138,8.779,1.273,232.52,3.722,0.03,0.143,0.018,254.208
1101,2.508,5.153,9.721,1.271,242.209,4.41,0.025,0.183,0.017,265.577
1102,2.492,5.181,8.975,1.445,231.973,3.624,0.017,0.178,0.017,253.984
1103,2.512,5.128,10.114,1.216,235.146,3.37,0.016,0.139,0.018,257.74
1104,2.53,5.173,10.275,1.653,234.06,4.065,0.021,0.177,0.017,258.055
1105,2.492,5.178,9.823,1.227,243.927,3.471,0.015,0.138,0.017,266.369
1106,2.519,5.155,9.615,1.681,230.247,3.669,0.016,0.142,0.017,253.145
1107,2.544,5.157,9.73,1.579,231.689,3.976,0.015,0.138,0.018,254.929
1108,2.489,5.14,10.25,1.482,228.539,3.892,0.085,0.177,0.118,252.25
1109,3.73,5.364,9.414,1.715,235.302,3.574,0.016,0.202,0.017,259.424
1110,2.523,5.152,8.281,1.249,227.458,3.334,0.016,0.143,0.017,248.254
1111,2.49,5.085,8.726,1.385,228.379,3.013,0.015,0.142,0.017,249.332
1112,2.511,5.225,9.431,1.207,225.378,7.286,0.015,0.157,0.016,251.31
1113,4.188,5.706,11.351,1.615,236.158,12.13,0.038,0.226,0.017,271.542
1114,2.523,5.048,11.412,1.747,232.476,8.94,0.018,0.212,0.018,262.5
1115,2.495,5.106,10.214,1.307,240.02,13.168,0.027,0.169,0.032,272.669
1116,3.551,15.171,9.772,1.477,227.975,5.561,0.019,0.193,0.018,263.869
1117,2.529,5.056,10.397,1.277,229.153,16.417,0.034,0.218,0.017,265.193
1118,2.513,5.106,8.823,1.227,230.997,13.403,0.025,0.162,0.018,262.373
1119,2.523,5.072,9.517,1.646,228.824,5.089,0.026,0.17,0.017,252.98
1120,3.631,5.255,9.253,1.264,229.265,10.755,0.018,0.212,0.018,259.789
1121,2.523,5.142,9.092,1.4,230.524,6.066,0.039,0.162,0.017,255.054
1122,2.521,5.099,9.42,1.253,239.265,3.55,0.014,0.14,0.018,261.379
1123,2.523,5.217,9.215,1.738,233.75,3.404,0.016,0.145,0.016,256.11
1124,2.518,5.107,8.879,1.738,230.002,3.306,0.017,0.143,0.018,251.813
1125,2.51,5.081,10.028,1.485,227.289,4.405,0.016,0.142,0.017,251.059
1126,2.52,5.136,10.213,1.248,240.554,4.662,0.018,0.146,0.017,264.596
1127,2.5,5.099,9.381,1.2,228.245,4.045,0.016,0.172,0.017,250.758
1128,2.509,5.113,8.868,1.209,231.437,3.494,0.015,0.149,0.018,252.898
1129,2.486,5.127,8.933,1.315,226.975,3.793,0.016,0.143,0.017,248.922
1130,2.505,5.1,9.41,1.42,231.251,3.627,0.015,0.131,0.017,253.558
1131,2.854,5.111,8.68,1.675,234.858,3.862,0.016,0.142,0.017,257.298
1132,2.496,5.159,8.804,1.528,231.551,3.869,0.018,0.141,0.017,253.665
1133,2.538,5.118,8.782,1.265,226.929,4.081,0.016,0.134,0.018,248.963
1134,2.488,5.145,10.185,1.357,226.724,4.48,0.018,0.141,0.031,250.681
1135,4.139,12.658,10.281,1.413,231.195,3.932,0.015,0.149,0.036,263.966
1136,3.565,15.083,9.186,1.416,234.215,4.216,0.017,0.141,0.018,267.962
1137,2.531,5.122,8.619,1.377,231.022,4.586,0.018,0.146,0.017,253.521
1138,2.483,5.124,10.492,1.22,227.651,4.537,0.025,0.184,0.017,251.813
1139,2.49,5.152,9.399,1.464,243.064,7.953,0.033,0.21,0.017,269.864
1140,2.497,5.115,10.812,1.337,258.406,11.236,0.027,0.232,0.017,289.768
1141,2.513,5.132,10.121,1.469,239.921,4.684,0.017,0.156,0.017,264.125
1142,3.734,5.685,9.26,1.203,231.682,12.294,0.025,0.164,0.018,264.171
1143,2.52,5.231,9.898,1.433,241.371,4.367,0.025,0.162,0.017,265.127
1144,2.486,5.211,9.317,1.47,227.777,11.678,0.025,0.16,0.017,258.241
1145,2.532,5.205,9.96,1.374,229.084,8.475,0.026,0.166,0.017,256.939
1146,2.515,5.165,9.25,1.227,229.036,11.736,0.025,0.157,0.017,259.225
1147,2.565,5.107,16.711,1.875,254.109,13.411,0.025,0.165,0.017,294.083
1148,2.515,5.137,10.573,1.195,226.899,11.843,0.024,0.156,0.017,258.457
1149,2.79,5.172,9.165,1.227,228.986,10.83,0.025,0.161,0.018,258.476
1150,2.49,5.14,10.77,1.203,228.89,4.327,0.041,0.162,0.017,253.143
1151,2.508,5.213,9.386,1.243,232.704,3.732,0.015,0.143,0.018,255.062
1152,2.5,5.168,11.567,1.214,229.233,7.684,0.014,0.148,0.017,257.625
1153,3.666,5.409,9.979,1.537,236.519,11.749,0.025,0.153,0.018,269.152
1154,2.522,5.153,9.48,1.246,230.611,11.916,0.028,0.188,0.027,261.3
1155,2.965,10.971,10.41,1.211,227.601,4.619,0.029,0.179,0.017,258.166
1156,2.515,5.174,9.566,1.218,234.767,3.659,0.016,0.141,0.018,257.186
1157,2.493,5.153,9.332,1.709,229.818,7.803,0.015,0.155,0.016,256.574
1158,2.528,5.09,8.889,1.216,231.45,4.493,0.015,0.149,0.018,253.94
1159,2.494,5.141,8.704,1.262,229.815,4.323,0.015,0.145,0.017,252.016
1160,2.794,5.079,8.59,1.465,233.762,4.776,0.015,0.132,0.018,256.716
1161,2.5,5.092,8.955,1.202,232.863,10.158,0.015,0.148,0.017,261.029
1162,2.53,5.05,10.732,1.791,231.611,9.112,0.018,0.152,0.018,261.109
1163,2.524,5.076,9.633,1.887,228.751,4.537,0.015,0.153,0.017,252.689
1164,3.948,5.292,10.625,1.243,230.305,12.355,0.023,0.207,0.017,264.113
1165,2.505,5.111,10.17,1.415,240.166,8.542,0.016,0.151,0.018,268.191
1166,2.487,5.172,9.828,1.233,232.122,7.501,0.014,0.145,0.017,258.613
1167,5.014,5.361,9.834,1.252,228.805,7.812,0.016,0.156,0.017,258.375
1168,4.793,5.381,9.238,1.215,230.016,3.872,0.017,0.152,0.018,254.813
1169,2.546,5.172,9.522,1.256,241.194,3.189,0.016,0.145,0.018,263.158
1170,4.773,5.333,11.435,2.548,230.874,4.278,0.023,0.172,0.017,259.539
1171,4.19,5.288,9.822,1.208,236.827,2.938,0.016,0.159,0.017,260.552
1172,2.527,5.089,9.741,1.372,229.108,7.202,0.015,0.163,0.017,255.317
1173,2.517,5.127,10.789,1.211,234.804,3.416,0.021,0.203,0.03,258.242
1174,3.186,11.686,9.856,1.688,231.145,3.303,0.015,0.139,0.037,261.284
1175,3.559,15.881,10.232,1.544,228.988,3.937,0.017,0.234,0.035,264.578
1176,3.574,15.246,10.985,2.639,227.539,3.414,0.017,0.141,0.025,263.703
1177,3.271,13.187,10.243,1.692,227.071,4.29,0.02,0.145,0.016,260.068
1178,2.56,5.421,11.922,1.243,229.926,4.216,0.027,0.213,0.016,255.628
1179,2.509,5.134,11.727,1.359,228.034,3.568,0.018,0.152,0.017,252.609
1180,2.505,5.258,10.113,1.219,229.758,3.741,0.018,0.14,0.018,252.858
1181,2.505,5.154,10.788,1.199,228.753,3.775,0.019,0.137,0.017,252.431
1182,3.676,5.558,10.677,1.208,239.342,3.664,0.025,0.142,0.016,264.403
1183,2.554,5.185,8.886,1.267,231.19,3.902,0.017,0.135,0.017,253.236
1184,2.481,5.172,10.069,1.401,233.159,3.709,0.015,0.203,0.017,256.311
1185,2.481,5.215,9.342,1.258,230.023,2.899,0.015,0.142,0.017,251.475
1186,2.481,5.215,8.574,1.296,233.213,3.105,0.016,0.141,0.017,254.141
1187,2.48,5.181,8.789,1.285,231.812,3.253,0.023,0.131,0.016,253.054
1188,2.526,5.304,8.81,1.251,232.107,3.646,0.016,0.141,0.017,253.901
1189,2.531,5.237,9.555,1.236,231.96,3.099,0.016,0.141,0.017,253.875
1190,2.512,5.143,10.027,1.703,232.098,6.937,0.021,0.201,0.018,258.744
1191,2.513,5.203,10.447,1.302,231.902,4.948,0.021,0.226,0.018,256.675
1192,2.494,5.175,9.838,1.382,232.52,4.414,0.017,0.14,0.018,256.098
1193,2.837,5.516,9.807,1.379,226.673,8.356,0.014,0.159,0.017,254.844
1194,2.512,5.164,10.503,1.362,230.541,3.776,0.016,0.159,0.017,254.142
1195,2.476,5.159,10.088,1.473,228.489,4.239,0.019,0.143,0.017,252.205
1196,2.565,5.168,9.655,1.274,243.365,4.666,0.025,0.142,0.017,266.959
1197,4.102,5.518,10.518,1.423,231.494,2.951,0.017,0.145,0.017,256.276
1198,4.765,5.616,9.715,1.279,229.136,3.722,0.018,0.129,0.018,254.485
1199,2.553,5.225,9.104,1.252,229.55,2.812,0.015,0.156,0.016,250.766
1200,2.5,5.195,9.102,1.269,236.145,3.533,0.019,0.128,0.018,257.987
1201,2.479,5.166,9.096,1.273,233.558,2.733,0.016,0.143,0.017,254.565
1202,2.522,5.159,9.888,1.34,229.424,3.609,0.018,0.142,0.018,252.201
1203,2.514,5.191,9.871,1.265,230.335,7.273,0.016,0.168,0.016,256.731
1204,2.512,5.183,10.894,1.339,230.696,10.91,0.022,0.167,0.018,261.836
1205,2.491,5.11,10.121,1.505,239.842,9.694,0.014,0.159,0.018,269.053
1206,2.51,5.141,8.852,1.293,234.213,8.439,0.016,0.143,0.019,260.737
1207,2.482,5.185,9.532,1.239,230.606,3.458,0.025,0.181,0.017,252.822
1208,3.594,6.036,9.311,1.233,229.864,3.418,0.021,0.145,0.017,253.797
1209,2.827,5.162,9.968,1.2,234.881,3.877,0.017,0.185,0.017,258.218
1210,2.509,5.099,9.728,1.281,237.466,3.359,0.015,0.141,0.017,259.697
1211,2.525,5.072,8.759,1.194,231.584,4.082,0.016,0.154,0.017,253.488
1212,2.498,5.101,8.667,1.255,231.26,3.784,0.015,0.229,0.017,252.911
1213,2.53,5.084,10.189,1.205,234.874,10.242,0.02,0.265,0.017,264.509
1214,2.512,5.088,11.796,1.232,235.634,2.603,0.015,0.155,0.032,259.2
1215,3.258,12.883,8.615,1.42,228.109,2.654,0.015,0.146,0.018,257.238
1216,2.458,5.174,9.194,1.606,227.639,2.613,0.016,0.142,0.017,248.942
1217,2.524,5.09,10.05,1.219,225.452,2.548,0.016,0.134,0.017,247.134
1218,2.532,5.179,8.621,1.281,246.651,2.556,0.016,0.137,0.016,267.07
1219,3.857,5.279,8.535,1.231,230.187,2.431,0.015,0.143,0.018,251.79
1220,2.554,5.1,9.008,1.581,226.869,2.429,0.016,0.141,0.017,247.801
1221,2.498,5.125,8.923,1.216,227.036,2.665,0.017,0.143,0.017,247.722
1222,2.533,5.117,10.464,1.258,240.726,3.17,0.032,0.155,0.018,263.554
1223,4.136,5.393,8.721,1.357,229.263,2.569,0.017,0.145,0.017,251.709
1224,2.561,5.143,10.196,1.746,242.75,2.518,0.016,0.213,0.018,265.243
1225,2.539,5.064,9.401,1.214,227.815,2.533,0.015,0.144,0.017,248.827
1226,2.487,5.158,8.767,1.295,240.372,2.846,0.018,0.316,0.017,261.363
1227,2.521,5.062,9.03,1.24,228.562,2.712,0.016,0.142,0.018,249.387
1228,2.503,5.086,9.429,1.208,225.978,2.526,0.015,0.201,0.017,247.045
1229,2.497,5.122,9.432,1.251,239.047,2.649,0.015,0.142,0.018,260.257
1230,5.266,5.223,9.525,1.269,233.319,3.225,0.017,0.376,0.017,258.326
1231,2.503,5.072,9.211,1.202,231.343,3.025,0.015,0.26,0.017,252.728
1232,2.542,5.092,8.657,1.215,227.432,3.046,0.064,0.146,0.016,248.293
1233,2.516,5.082,9.394,1.454,239.897,4.096,0.049,0.162,0.017,262.751
1234,3.676,5.393,11.225,1.474,227.437,2.975,0.024,0.351,0.035,252.72
1235,3.568,12.531,9.912,1.302,226.672,3.157,0.018,0.169,0.017,257.471
1236,2.534,5.121,9.075,1.281,229.709,2.857,0.017,0.213,0.016,250.905
1237,2.518,5.043,9.61,1.218,233.776,3.547,0.018,0.181,0.017,256.01
1238,2.5,5.09,9.719,1.212,235.046,2.612,0.02,0.159,0.017,256.458
1239,2.475,5.127,9.006,1.241,229.62,3.049,0.018,0.155,0.017,250.791
1240,2.496,5.097,9.834,1.2,236.588,6.221,0.016,0.168,0.017,261.72
1241,2.511,5.09,10.235,1.419,227.805,7.945,0.016,0.176,0.018,255.313
1242,2.483,5.125,10.631,1.58,232.86,6.713,0.017,0.187,0.018,259.709
1243,2.503,5.097,8.95,1.229,230.173,8.019,0.017,0.167,0.018,256.267
1244,2.545,5.107,8.764,1.236,239.446,6.689,0.015,0.152,0.017,264.066
1245,3.801,5.321,8.604,1.225,230.273,3.385,0.015,0.143,0.018,252.894
1246,2.477,5.12,10.21,1.303,228.751,4.296,0.024,0.177,0.018,252.456
1247,2.494,5.082,8.673,1.554,230.288,3.141,0.014,0.145,0.017,251.492
1248,3.155,5.275,9.024,1.311,231.69,3.395,0.015,0.14,0.017,254.109
1249,4.302,5.281,8.733,1.232,229.213,3.31,0.014,0.134,0.018,252.329
1250,2.485,5.196,9.253,1.522,228.724,6.393,0.015,0.152,0.017,253.84
1251,2.483,5.111,9.31,1.525,237.085,7.311,0.039,0.179,0.018,263.156
1252,2.505,5.091,9.416,1.277,227.679,7.404,0.015,0.364,0.017,253.867
1253,2.514,5.106,8.858,1.208,230.99,7.622,0.016,0.158,0.017,256.584
1254,2.5,5.172,9.776,1.236,227.335,4.032,0.023,0.38,0.018,250.57
1255,2.489,5.15,10.536,1.217,233.698,4.082,0.024,0.175,0.018,257.488
1256,2.503,5.087,9.835,1.241,229.891,3.64,0.015,0.14,0.017,252.453
1257,2.497,5.13,9.377,1.246,228.089,3.307,0.018,0.146,0.018,249.91
1258,2.53,5.071,8.437,1.224,230.024,2.835,0.016,0.191,0.017,250.429
1259,2.529,5.108,8.602,1.222,228.059,2.876,0.017,0.143,0.017,248.654
1260,3.93,5.625,9.623,1.253,241.03,2.849,0.016,0.144,0.017,264.578
1261,2.496,5.103,10.552,1.282,231.966,4.208,0.026,0.182,0.017,255.916
1262,2.488,5.13,9.586,1.272,241.601,10.449,0.015,0.203,0.017,270.847
1263,2.497,5.049,11.048,1.216,236.941,8.167,0.015,0.14,0.017,265.181
1264,2.522,5.064,10.534,1.209,244.957,12.966,0.022,0.194,0.017,277.583
1265,2.533,5.049,10.474,1.54,229.798,7.372,0.014,0.153,0.018,257.048
1266,2.496,5.05,9.292,1.232,233.238,8.914,0.015,0.159,0.017,260.51
1267,2.555,5.085,9.187,1.196,229.824,7.548,0.014,0.163,0.017,255.683
1268,2.54,5.04,9.67,1.23,239.608,7.228,0.014,0.223,0.017,265.668
1269,2.503,4.925,8.786,1.184,231.538,9.684,0.017,0.157,0.017,258.904
1270,2.506,4.947,10.243,1.232,232.461,7.613,0.016,0.152,0.017,259.289
1271,3.831,5.264,9.443,1.435,229.441,8.837,0.015,0.165,0.017,258.551
1272,2.519,4.974,10.341,1.199,240.026,4.725,0.022,0.177,0.031,264.146
1273,3.168,11.378,11.366,1.227,246.756,10.084,0.021,0.247,0.035,284.447
1274,3.564,14.672,10.115,1.222,231.59,7.083,0.014,0.153,0.037,268.629
1275,3.556,14.774,11.708,3.041,229.502,7.45,0.026,0.163,0.037,270.479
1276,3.552,14.746,10.363,1.727,235.799,3.497,0.016,0.156,0.025,270.039
1277,3.561,14.735,9.228,1.222,229.665,3.767,0.015,0.206,0.017,262.54
1278,3.703,5.226,8.921,1.213,230.546,8.079,0.015,0.154,0.017,257.96
1279,2.524,5.043,9.362,1.206,226.539,3.318,0.014,0.155,0.017,248.271
1280,2.503,5.071,10.152,1.329,275.657,3.769,0.015,0.137,0.017,298.753
1281,2.517,5.063,8.641,1.41,230.32,2.753,0.016,0.14,0.017,250.962
1282,2.518,5.077,9.24,1.202,241.928,2.926,0.016,0.197,0.018,263.205
1283,2.525,5.079,10.293,1.269,231.696,3.238,0.017,0.196,0.017,254.414
1284,2.553,5.061,10.223,1.561,229.688,2.436,0.015,0.186,0.017,251.824
1285,3.815,5.295,9.535,1.253,240.186,2.709,0.016,0.143,0.017,263.061
1286,2.513,5.095,9.768,1.391,237.443,2.895,0.014,0.148,0.017,259.368
1287,2.487,5.097,8.79,1.292,227.005,2.966,0.015,0.141,0.017,247.895
1288,2.51,5.101,11.185,1.408,228.066,3.934,0.025,0.198,0.017,252.525
1289,3.662,5.398,9.888,1.609,240.004,3.253,0.019,0.145,0.018,264.117
1290,2.499,5.072,9.181,1.247,231.231,3.232,0.015,0.218,0.018,252.797
1291,2.472,5.146,8.794,1.229,229.471,2.897,0.017,0.14,0.017,250.265
1292,2.489,5.074,8.739,1.26,230.87,6.663,0.014,0.157,0.016,255.371
1293,2.519,5.049,10.205,1.32,240.57,3.966,0.034,0.232,0.017,264.009
1294,2.494,5.162,9.556,1.613,227.259,2.976,0.016,0.145,0.018,249.347
1295,2.536,5.085,9.758,1.232,226.049,2.722,0.015,0.139,0.033,247.68
1296,3.301,12.81,9.366,1.401,230.65,3.255,0.017,0.142,0.018,261.136
1297,2.498,5.121,10.677,1.342,232.081,3.478,0.018,0.232,0.017,255.547
1298,2.516,5.083,9.435,1.244,240.322,2.803,0.016,0.151,0.016,261.67
1299,2.541,5.12,11.105,1.214,238.075,3.445,0.02,0.155,0.017,261.773
1300,3.754,5.223,9.337,1.259,237.091,2.686,0.016,0.15,0.018,259.625
1301,2.491,5.111,9.786,1.377,227.317,2.802,0.02,0.165,0.017,249.168
1302,2.523,5.185,10.327,1.23,239.395,3.392,0.017,0.174,0.017,262.341
1303,2.534,5.074,9.088,1.365,309.935,3.663,0.016,0.149,0.017,331.924
1304,2.547,5.094,10.311,1.264,256.604,3.19,0.019,0.195,0.017,279.324
1305,2.555,5.061,10.592,1.332,249.19,2.974,0.018,0.197,0.017,272.018
1306,2.487,5.073,9.063,1.532,237.432,7.413,0.014,0.15,0.016,263.263
1307,3.738,5.094,10.904,1.194,233.681,9.768,0.022,0.258,0.017,264.811
1308,2.49,4.996,9.636,1.199,244.058,7.409,0.014,0.195,0.017,270.11
1309,2.488,5.033,10.323,1.18,230.304,8.365,0.022,0.203,0.018,258.032
1310,2.52,5.056,10.954,1.417,236.671,11.037,0.05,0.426,0.112,268.334
1311,2.518,5.008,9.525,1.202,231.506,8.155,0.044,0.181,0.112,258.357
1312,2.498,4.985,10.745,1.325,249.044,12.954,0.047,0.24,0.132,282.064
1313,2.513,5.022,9.539,1.725,228.347,3.99,0.018,0.151,0.018,251.424
1314,3.938,5.341,9.317,1.348,242.896,8.648,0.016,0.151,0.038,271.848
1315,3.169,11.1,11.063,1.324,238.404,16.677,0.048,0.253,0.115,282.28
1316,2.51,4.966,9.584,1.171,231.744,8.093,0.031,0.168,0.117,258.484
1317,2.543,4.898,9.588,1.193,226.814,11.337,0.031,0.299,0.128,256.928
1318,2.509,4.92,9.708,1.214,249.196,10.018,0.045,0.192,0.135,278.035
1319,2.5,4.991,9.124,1.377,228.914,7.907,0.015,0.152,0.026,255.111
1320,2.508,4.932,8.831,1.118,231.845,8.157,0.017,0.156,0.017,257.677
1321,2.857,4.991,9.059,1.142,229.16,7.646,0.015,0.179,0.018,255.162
1322,2.503,4.91,9.368,1.269,241.274,7.061,0.014,0.221,0.017,266.734
1323,2.514,4.92,9.63,1.146,229.602,7.693,0.014,0.182,0.017,255.815
1324,2.501,5.491,10.042,1.363,233.045,7.924,0.014,0.141,0.016,260.644
1325,3.695,5.267,10.228,1.367,230.017,8.01,0.015,0.158,0.018,258.893
1326,2.514,4.951,9.452,1.416,237.542,8.566,0.015,0.153,0.017,264.722
1327,2.544,4.897,9.831,1.495,231.111,7.064,0.014,0.149,0.019,257.217
1328,2.521,4.907,9.035,1.136,228.99,3.996,0.016,0.152,0.018,250.867
1329,2.522,4.922,8.995,1.275,234.245,7.103,0.015,0.169,0.018,259.356
1330,2.5,4.891,8.954,1.136,230.338,3.297,0.03,0.146,0.017,251.404
1331,2.518,4.969,8.515,1.309,232.788,2.934,0.015,0.143,0.017,253.308
1332,2.516,5.955,9.042,1.152,227.086,2.634,0.015,0.139,0.018,248.689
1333,2.515,5.006,9.935,1.168,227.985,2.875,0.018,0.147,0.033,249.795
1334,3.267,11.412,9.792,1.178,229.259,2.913,0.018,0.159,0.018,258.124
1335,2.511,5.004,9.212,1.537,243.055,2.412,0.015,0.142,0.017,263.986
1336,3.794,5.387,9.791,1.268,231.152,2.963,0.016,0.18,0.018,254.665
1337,2.501,4.978,9.821,1.436,238.166,2.745,0.017,0.143,0.018,259.912
1338,2.498,5.078,8.633,1.305,227.279,2.518,0.017,0.14,0.017,247.569
1339,2.499,5.067,9.768,1.491,234.821,2.591,0.026,0.245,0.017,256.606
1340,2.491,5.058,8.634,1.515,230.759,2.396,0.015,0.145,0.018,251.112
1341,2.494,5.059,8.746,1.683,230.143,2.45,0.014,0.139,0.018,250.829
1342,2.472,5.054,10.556,1.659,250.16,3.012,0.02,0.163,0.017,273.201
1343,2.529,5.1,10.819,1.548,265.373,3.061,0.022,0.169,0.016,288.72
1344,2.507,5.094,10.127,1.47,255.3,3.155,0.032,0.186,0.018,277.971
1345,2.515,5.083,9.316,1.364,230.557,2.718,0.017,0.143,0.017,251.814
1346,2.51,5.096,9.013,1.261,230.613,2.38,0.014,0.179,0.016,251.165
1347,4.295,5.27,10.512,1.242,238.041,3.313,0.024,0.222,0.018,263.028
1348,2.501,5.085,10.119,1.689,251.33,2.541,0.019,0.154,0.017,273.54
1349,2.53,5.085,10.205,1.8,239.952,2.798,0.017,0.197,0.018,262.687
1350,2.534,5.127,9.846,1.36,237.877,2.427,0.015,0.147,0.017,259.432
1351,2.542,5.039,9.711,1.737,234.199,6.875,0.019,0.233,0.017,260.453
1352,2.508,5.106,10.004,1.276,237.954,6.705,0.015,0.157,0.032,263.892
1353,3.291,11.443,9.399,1.223,229.66,7.716,0.018,0.148,0.016,263.022
1354,2.87,5.463,9.44,1.244,235.043,5.443,0.039,0.188,0.018,259.861
1355,2.51,5.085,9.075,1.224,228.342,4.052,0.044,0.194,0.017,250.626
1356,2.529,5.018,9.151,1.212,235.583,7.874,0.015,0.159,0.018,261.641
1357,4.786,5.159,9.153,1.227,235.543,3.675,0.015,0.225,0.017,259.898
1358,4.754,5.172,9.62,1.394,229.021,7.668,0.014,0.15,0.017,257.912
1359,2.513,4.969,9.08,1.45,227.921,7.795,0.014,0.153,0.018,254.006
1360,2.525,5.015,10.231,1.495,237.681,10.251,0.021,0.206,0.018,267.55
1361,2.511,4.946,9.201,1.288,229.327,8.622,0.015,0.147,0.017,256.168
1362,2.502,5.037,9.13,1.181,228.348,7.97,0.023,0.155,0.017,254.461
1363,2.508,5.01,8.993,1.194,229.479,4.742,0.015,0.157,0.018,252.212
1364,2.511,5.069,9.615,1.387,232.747,10.76,0.022,0.179,0.017,262.403
1365,2.87,5.048,9.148,1.203,237.995,7.168,0.015,0.157,0.018,263.717
1366,2.488,5.094,8.552,1.32,228.914,6.999,0.014,0.154,0.017,253.649
1367,2.519,5.066,9.074,1.272,232.541,7.656,0.015,0.216,0.019,258.473
1368,2.513,5.062,9.903,1.364,227.97,2.563,0.015,0.15,0.017,249.653
1369,3.651,5.381,8.584,1.228,239.945,2.498,0.016,0.237,0.018,261.666
1370,2.481,5.064,9.766,1.247,227.827,2.45,0.017,0.164,0.018,249.118
1371,2.521,5.114,8.823,1.213,234.504,3.355,0.018,0.148,0.032,255.839
1372,3.231,13.051,11.425,1.942,229.71,3.496,0.063,0.183,0.026,263.278
1373,3.567,14.758,9.974,1.757,254.022,3.2,0.02,0.175,0.017,287.601
1374,2.514,5.064,8.501,1.432,241.707,2.404,0.015,0.142,0.017,261.882
1375,2.519,5.069,10.427,1.808,239.49,3.221,0.023,0.249,0.017,262.903
1376,4.371,5.228,9.915,1.899,237.016,2.556,0.018,0.136,0.017,261.247
1377,2.538,5.121,9.624,1.733,247.369,2.842,0.029,0.27,0.017,269.629
1378,2.504,5.098,10.192,1.653,264.152,9.365,0.017,0.282,0.017,293.362
1379,2.523,5.08,8.513,1.267,246.507,6.594,0.015,0.154,0.018,270.763
1380,2.532,5.098,8.93,1.23,231.624,7.464,0.017,0.164,0.018,257.17
1381,2.477,5.038,10.76,1.214,240.084,3.213,0.015,0.198,0.017,263.11
1382,2.5,5.098,9.094,1.39,241.836,3.503,0.019,0.131,0.017,263.685
1383,3.746,5.265,10.094,1.309,239.922,7.82,0.02,0.157,0.017,268.438
1384,2.505,5.109,9.6,1.401,237.129,7.535,0.025,0.145,0.018,263.561
1385,2.535,5.071,10.572,1.25,236.573,11.465,0.022,0.221,0.018,267.836
1386,2.541,5.118,9.25,1.244,251.041,4.196,0.015,0.19,0.016,273.702
1387,2.509,5.09,9.356,1.284,231.27,3.9,0.013,0.212,0.017,253.755
1388,2.508,5.108,8.565,1.218,229.364,3.937,0.015,0.173,0.018,250.991
1389,2.519,5.085,8.89,1.451,231.207,7.392,0.014,0.167,0.017,256.823
1390,2.504,5.108,9.028,1.244,238.549,3.812,0.016,0.157,0.017,260.53
1391,2.511,5.135,11.449,1.26,230.322,14.273,0.035,0.338,0.037,265.502
1392,5.384,14.75,9.584,1.455,234.621,7.328,0.027,0.205,0.018,273.505
1393,4.754,5.397,8.973,1.235,232.383,5.117,0.032,0.175,0.017,258.2
1394,2.49,5.176,10.824,1.203,243.183,10.854,0.031,0.2,0.018,274.072
1395,2.499,5.145,10.15,1.232,227.787,11.17,0.025,0.164,0.018,258.283
1396,2.487,5.121,9.011,1.219,232.769,8.483,0.027,0.163,0.017,259.404
1397,2.501,5.118,10.875,1.371,227.492,7.292,0.015,0.151,0.017,254.943
1398,2.528,5.116,10.771,1.224,247.966,7.594,0.014,0.135,0.018,275.462
1399,2.502,5.09,9.061,1.367,229.285,6.651,0.014,0.149,0.018,254.238
1400,2.504,5.088,9.598,1.388,240.114,3.257,0.018,0.175,0.018,262.253
1401,3.859,5.255,9.491,1.297,236.33,2.459,0.015,0.142,0.018,258.975
1402,2.535,5.067,8.772,1.275,267.439,3.679,0.021,0.14,0.018,289.027
1403,2.521,5.132,9.181,1.231,230.475,3.147,0.017,0.137,0.018,251.944
1404,2.491,5.071,8.79,1.489,236.047,2.989,0.016,0.142,0.016,257.134
1405,2.543,5.031,10.42,1.347,236.792,7.669,0.025,0.215,0.018,264.143
1406,2.521,5.134,17.657,1.84,272.472,3.114,0.03,0.129,0.017,302.999
1407,2.506,5.103,11.38,1.418,287.526,3.309,0.017,0.185,0.017,311.547
1408,3.754,5.409,9.503,1.345,231.731,2.629,0.017,0.181,0.017,254.682
1409,2.508,5.133,8.88,1.554,250.202,3.337,0.019,0.171,0.017,271.905
